noise,rand
146.329318594739,159.353845779074
1344.31842436409,1350.44867850723
259.300306352602,237.42634877812
139.565386237964,120.005555582263
234.176034141553,210.800824329277
1875.2088245756,1865.46082691419
403.739942335279,419.504511369155
331.287456342975,355.298799257051
96.9705183921859,140.078602879441
654.947677491464,654.501822539397
237.389871853316,216.273492199409
1738.34170481676,1725.78659709104
173.763531002011,173.058229609228
120.83755529,95.9690436341643
854.369582785698,853.0077269707
588.476988975606,595.311359654393
1279.83675553811,1301.64205748277
848.118441955817,847.202912122463
246.907716273882,258.220314078835
47.0771220651206,40.6486437182196
1048.28313045758,1037.89913779645
859.350786333336,829.913105322157
322.926028397167,329.99583734015
160.263304172133,192.758528176633
181.509101358371,184.318416719535
927.717650702378,924.33350515258
620.630884472565,582.515357600943
236.842939756239,212.756664032581
983.225035161038,977.730232546737
1132.49063915597,1136.12876847985
924.987288292785,953.507069770553
302.119909187123,300.534579441076
602.451011393284,594.798520576913
763.603759900203,761.695049018427
840.724431217684,845.050154121888
158.510571866689,163.676057880607
848.918385196959,844.165913963516
724.867142196252,709.170163845439
1906.23021525774,1914.31494284789
391.23993090716,415.336664138236
1055.45014703148,1063.98824101719
312.3322038546,312.784422450062
1092.5726344015,1064.07692308864
505.3894275838,498.549559156702
1077.27789621462,1048.50503565275
903.689151653691,893.589085704682
884.270406034672,892.580299474577
84.2292127988009,84.5868435149084
2281.67105067333,2305.28207168182
498.223743997551,506.874180520131
835.880948342413,817.320916157748
1750.71262875231,1756.49064450782
3.43688160856928,0.171569975296888
435.17868881861,454.247431988415
308.849738330835,327.768448127869
1190.99601330422,1173.17134335189
1061.4652307753,1061.47745935219
1499.03360290138,1520.75454781933
1515.21590699604,1488.19330255557
1358.28050382059,1380.57186365065
209.361542088144,190.590352002598
423.662004730279,429.22830459712
296.447915825903,301.460996569968
738.553324032526,729.598057184424
1044.3779102222,1067.37053752654
640.122457705758,654.122218893443
1599.72341690339,1584.36600651187
708.626008124207,721.842790893199
2115.04388371117,2121.70464435532
1422.53410658942,1397.67847599276
1129.02394564808,1136.48258320987
934.944772607594,953.499676174954
1606.84118502798,1605.70003802885
388.811691924531,362.446324216407
569.289617607123,571.137872959309
750.967751114467,760.588659101584
1053.46352833575,1065.21402047632
1207.16419650817,1204.11470231929
538.886017679613,544.965715629894
746.597067559219,706.305307126972
1826.56391518894,1847.03007206872
196.296439916834,219.452649457443
1972.2561190773,1979.08813537318
181.012776479903,189.771702361792
212.870941680491,219.893686227272
1550.87843762727,1542.70485795042
196.378023580629,175.998572244737
1424.01233496731,1410.25453564962
532.866469619641,525.351949571552
241.678621362484,281.902986541296
1255.06922434703,1289.02646333779
1604.79512764901,1621.40632841958
60.0007536454886,49.2700867464413
275.138313080336,296.191871497846
1680.65266499172,1682.37041788731
286.55946731983,301.635200474907
150.117711935892,154.361004241727
510.225852780996,523.83103082815
1359.78607260085,1361.06251045756
768.848380706508,734.494812333474
209.746019303191,200.101221459728
603.699783630883,605.251515928027
1420.83974085243,1426.61721560774
114.009276257919,96.7639315340018
692.37526685687,666.32722482451
76.0236706697002,71.4431535743416
1498.90624153886,1515.0599224436
440.094688547244,427.343538319248
477.533660297934,476.797045753147
547.778068391239,551.252904434136
129.647119761578,120.79849903358
2100.4767646309,2106.87852593784
650.111497345851,675.839728023024
111.615330586476,81.4564053949285
296.457346677476,304.184101455026
881.395685784515,860.126606162688
873.350736072133,856.471986658033
664.075173816193,668.30478093643
662.834521074355,672.391337625186
193.917105414451,172.157388130354
1266.01024299358,1280.55061452959
5.39197952366627,8.90742371369445
470.727189361594,437.450801417711
896.4966332931,897.45861307743
227.126582871558,232.171608106198
24.6504699601475,19.9247195152519
38.0109177342802,47.8485171868215
687.255496699458,662.98890493731
2122.02833950667,2128.69487493651
527.797946536396,537.453396668144
1455.41311039321,1440.08404787689
1350.40656336074,1387.89344640429
664.952768846535,631.938510982199
1027.12034419958,1030.26348775467
1559.22208717625,1573.57917273669
474.518697830606,463.459297816434
1825.26501013294,1811.26774336431
1604.61769798148,1642.76030314957
1485.11789847013,1528.41811198166
1065.24567582249,1076.11851608283
849.555467347921,835.219118853289
1073.49431659672,1051.65355275766
1065.20336624086,1104.32719199083
342.004194827533,319.653717925033
2743.56987665945,2745.41806994253
1802.1548388955,1804.8338053103
54.4973735834629,57.8485846865213
389.301518364255,371.711179137294
807.749302449134,813.605728949173
1613.43204522685,1632.03987368519
1447.19781322818,1411.47278756194
39.4421456187552,33.0437521920375
2283.76677822627,2308.58916926174
736.402910290993,737.069640855148
195.063673752891,196.018844122286
1331.97385685554,1343.52468143713
321.609987191271,321.082122172377
1137.76528065576,1120.85264092408
1274.83304939247,1273.50676552404
1317.87369821171,1291.51465204881
297.171969145304,295.481120709399
739.265390592525,727.142780832196
1535.94572981132,1524.79402756169
1035.05171518699,1041.86021152305
837.211048418133,860.812651611187
213.209902309269,203.565210164724
538.970198397625,526.541251687744
1940.49771178128,1936.01146491906
1713.99494536504,1705.22635506687
182.476566347713,161.529407621067
693.184843260633,726.745560483414
1097.2518795041,1091.83447618955
189.267748479383,152.654529853107
1169.60284728932,1188.56915297984
62.5222588855227,56.35001269874
729.047090829849,785.908798224159
529.604675461532,504.425103758456
50.2183838280034,70.6453696604741
622.344715859761,614.011992863714
52.6160319106497,37.7709399576568
235.859859199025,225.416953088499
1243.93316384355,1240.34302356636
747.927788870038,753.90546462022
345.293606884211,277.140951586014
70.701670695832,91.6516299122304
61.6082763519572,78.8656928916299
665.041009782817,673.196467044199
161.897373627935,161.994688634417
66.6758762746032,59.7690412417653
41.7161232595254,22.1409733659176
295.852806653902,320.932348479383
900.922856659772,908.244545490788
628.108272030552,643.984503020361
769.476230646908,793.58861628402
2724.15561915995,2739.31432218734
56.2831471197938,74.8493280050258
740.998903172977,741.498939737132
352.215241846087,324.796472396147
348.234948386562,363.815885598162
1052.18029637098,1049.66322222749
1439.72049975805,1451.71886509734
1496.29539419886,1511.97263159675
928.824098880181,960.900626100956
441.541527061479,419.108623610571
192.979446214121,217.01023547094
847.15929607006,847.756711445709
660.44064415244,665.474063575549
455.028742736071,483.580414071781
303.841811806626,317.665071714973
885.538708242876,873.751043304782
372.161472631245,384.635231145614
451.610862542655,421.455198346461
57.9950506661561,39.5111817512948
2204.54327025866,2207.00069934306
121.948297621643,133.194506951267
563.313251287825,537.682716991519
156.707540396197,169.340464841097
1282.24153846352,1305.06866023658
1622.68016208615,1608.4942316533
269.48408387702,255.692065867282
1501.03411030976,1538.48014430415
33.4386062638848,36.5552303987064
218.835803166303,223.026263485512
1712.53891556071,1699.14257275454
1880.22281702726,1870.13677129192
1205.99307815397,1213.46561336103
843.892062266026,840.777634698377
1620.63060978588,1633.11119811934
92.3948969750204,116.641803864644
703.582659382415,708.589939767671
1044.20474603414,1049.17126738788
166.004743441397,171.558046216744
1317.2742936187,1296.14129640627
133.019700752148,157.353096999768
428.456778756169,442.109116179111
1577.74981119804,1548.0141643499
1775.06456190351,1771.24359907776
2080.54026352757,2072.39128722477
2.24164674381749,6.98350025816881
335.02305519771,362.745989721417
47.2359783933301,50.6404346879465
617.791793020554,612.084782434226
998.793645929028,1051.32590085606
81.6384269120828,79.9957802064693
1368.72503807116,1418.99480353341
614.198583236092,579.510681403837
1060.15575499062,1072.89564311465
417.608205725578,453.096402964004
1048.72475417239,1030.48977168593
1516.72932350785,1519.28880934957
868.514830514838,879.915585407158
1331.84778224253,1342.17507677266
444.121692693535,471.774921961985
1306.41189560802,1335.20338646988
11.8466311291093,7.20768377429823
72.5237433114531,34.1511949219418
1088.73629978874,1086.76414216594
912.499766672697,894.504979067308
629.609941504777,623.390034928278
640.465590837361,613.646340693793
2222.93878925109,2222.58411329033
803.730621975747,780.698853420364
1146.44120871513,1154.60830497941
3.12793922210023,5.3242994847095
516.299856120283,522.050113948764
560.425202757404,547.066632353722
66.712459727641,50.7965100561126
380.592131589363,381.104036025237
749.070713779389,775.150928274706
1358.16529186935,1377.27917622894
800.687970527679,804.407267811212
1626.56884465712,1656.14695066001
726.553546918934,687.060608570778
667.090630884478,654.571558493367
1358.44608150859,1378.67544373532
1022.01792470508,988.699236097905
902.593118743096,948.948611958946
1620.23230416976,1638.94039237835
1098.70759650822,1101.6502174416
399.273743060261,390.630337727107
452.163883616254,472.115522547537
998.31238285461,974.463686437883
1052.09870966037,1042.11237969681
261.312500095504,276.337175120439
1573.96385236553,1583.26938180226
542.638275093867,554.765197760568
1731.88005485357,1698.40870945397
556.433698691638,543.621742230458
2059.51810533298,2046.13102826309
695.013798152541,664.114020577161
240.693164453126,253.812019181476
189.7960987654,173.80166193459
444.432867257473,446.107081166615
817.247928262763,785.778678429615
305.346832346916,311.773509210556
702.070265330383,687.269361018788
574.562832476755,539.57835598261
1335.42900484594,1349.04259439732
1032.52127545681,1018.70912322422
272.293226060116,279.350675308506
1154.11020764496,1148.17199665539
803.587147367982,782.769137397351
1884.06933650158,1883.21655242016
1171.85022118506,1171.85201015542
659.261650846318,679.579950591359
1459.00276399368,1466.62838568756
394.03625175517,400.111566003907
341.123738037099,323.214402654456
1873.02485110955,1846.64650593109
765.585590434036,725.938423483637
746.181761482232,797.382224378426
2437.75955442026,2439.44484684571
669.421161559378,648.15800645902
474.510972450461,447.934763820559
1233.58994572824,1253.02483320024
2029.79760268032,2052.77447914532
1518.87240598283,1561.90850657337
782.549340168733,762.873104682699
826.849322682223,850.046221726886
231.540721036034,271.3660085219
862.007991602228,872.515402691695
1355.11665060321,1364.0138646661
273.642458821078,250.866555767539
194.995505434597,183.605107493146
1889.01317561108,1901.30681215156
702.779144296762,671.950514236145
62.3470256013334,52.9599805106549
1982.13245744908,1967.77089458819
1513.51382400858,1509.09198028991
1113.68318817241,1042.98838928605
2285.57213321584,2304.57147448726
504.739857161125,509.123917818557
14.9891301946823,22.0545312328164
2510.43852502011,2518.40544641401
335.697501956028,364.85685584206
318.491851821951,348.466338842028
2159.41598361792,2157.77874448461
965.031273082406,972.02113494465
579.407307912893,586.728547709114
1581.45723945678,1553.95771714313
1408.28341046093,1410.01142154261
1575.97153358814,1608.9740670961
552.849841184278,516.082947100922
1065.57065664067,1069.69780212717
113.948851021388,121.278357683169
1305.16628683698,1316.45864133507
357.842741627527,352.411640277388
740.83436766531,752.91863054741
348.258460492732,316.385629573545
1263.28231621542,1235.00681835539
2398.30025912072,2412.69984977976
868.876814411607,853.743528051121
454.366279129805,436.920636506475
631.034350235418,632.959554467667
229.291664815898,235.823426204281
1221.80124559003,1231.47445184501
510.213479140461,515.157368052502
357.310815632289,358.197633772287
831.765945569929,836.613342569483
614.470983442003,589.681259824614
1775.00267228004,1742.01920119186
424.263287172741,395.303406340569
792.41721950402,792.586536365328
117.014898020486,103.798411022051
620.563594688847,600.601526694752
834.724121472411,813.084588229051
1289.45200701252,1320.29932925277
594.308094450775,600.103298910092
861.602744431228,878.236114107651
1278.66817548709,1308.88420040176
861.503054356538,855.107070146157
751.563281704579,754.176138623499
1543.61806783422,1576.46320949772
32.0460682741535,70.3266093903467
2687.20991614997,2688.82650645457
2106.8687969304,2132.91972895085
328.798016534892,291.755979759483
1058.97122907014,1055.55186632821
69.1525951007915,97.7413490174264
1123.93522339001,1101.95584686716
61.7922323711901,46.003821208631
934.317319392752,919.693208538539
352.091943169119,365.812771403066
801.963256785759,781.865237452097
547.95311165462,556.639508343277
1118.65151104231,1121.63662435661
254.341428327035,242.442285599523
564.397830942754,572.198754357818
1116.92580042588,1092.95135522194
690.177223198014,715.517585234591
73.7956330083349,67.9939332194301
103.739666238921,88.0673761262004
482.71158168063,443.58430525592
1013.63819420539,1059.09883174421
1695.47919088825,1698.36836021537
29.9169660124335,13.2233685723874
236.540267921339,242.131199585811
476.593222482923,454.564547486
2126.04945120403,2156.90639386809
57.6210339859946,14.6550091218807
509.443872733416,523.044222638769
846.191096352134,869.308679898774
682.596211589269,693.151013548769
156.338584726836,178.525983450566
378.029709361773,405.090536724903
879.307519787059,875.817182385369
254.450471757869,277.234004507088
812.197890430023,773.895182349846
303.232149854598,299.195317669315
458.655741821646,456.113078182742
1495.54753209536,1525.07589607551
2192.71006512944,2192.75837434286
1650.3511412173,1677.2756627572
1905.54099165768,1922.51006894484
2530.60184411407,2529.77802252335
443.160781552949,449.297623514145
1647.62427905874,1605.98930616148
1176.74421980603,1175.4294969182
689.153915227492,699.17558410397
759.516283233362,764.339934189178
297.398800744392,319.281996599882
169.906580689691,174.645457760111
772.059323053508,763.50507671873
1161.9670735126,1178.72530914978
560.703138581751,564.761341869397
373.70002999562,375.694576391112
1362.62278433383,1331.53831710216
2534.67744114308,2516.67763406696
820.564131817444,761.898498262173
355.361900536116,313.463192050679
772.505130763803,816.714484836063
25.9237861340345,18.9688467544301
1861.10731485093,1871.51715253172
1142.53310784604,1128.86703111696
433.172972307946,397.22438559099
224.806714438013,177.106462136368
758.437143125658,755.868833508091
1422.41751728117,1419.39971436945
430.636150815498,427.74973154006
301.461478081772,304.143301617746
963.328399970755,971.917304623419
1071.58161970029,1064.16995834602
741.591418801336,736.171678918828
718.850596959177,680.696335127131
1662.93488234064,1654.8739263475
836.351378006768,840.907596307376
553.834374526775,517.950472971885
435.459222485869,408.173330996224
305.526945631633,283.928060852157
712.20404617565,707.172115763713
311.879333493949,306.218053247334
509.242488832736,514.499208946849
52.6329041456173,31.826510541377
2085.16512291438,2108.13764269055
584.640279703767,586.699177619174
729.242487321677,744.475327400373
1921.53081764919,1950.40544239306
1806.17149005802,1830.5796666364
1112.8500292517,1127.07406234919
1345.65672399558,1340.80643214368
979.783775985208,981.495011188651
244.239192438846,226.173352504165
493.598098292419,503.778624769257
1086.70587241796,1095.49663058541
299.205390181283,287.108785762674
627.465043824418,622.241171825072
167.502878844145,166.285420506441
1204.75127063982,1164.56320659085
602.991489061367,593.435331073669
995.250366573141,1006.99392423042
234.075295008503,241.030480033578
524.454134976999,520.442296054798
51.299887953392,62.9935253986319
174.227921364712,154.285823553862
788.954197379859,812.311729282007
404.34422768248,404.05838053941
1151.92946724853,1140.44925424288
89.2608204721753,89.5995281760522
396.42607896718,377.781561936869
1340.83688510082,1292.42300324352
1174.7900996249,1167.07054941681
222.264520834227,233.214036645552
1437.02915874333,1445.87581540187
1138.56698593634,1099.50012323179
279.497081506701,276.726438463008
311.174296675842,289.636530868541
332.681553078893,332.135728439475
1240.74558973294,1221.54869708467
488.262288248858,454.166677641081
1226.37202871398,1211.66119974214
106.04617377855,117.263810287136
187.203477739266,190.170399940161
43.4342944990148,41.7488730290576
642.499620665716,649.802295215112
147.867030260892,184.812873357296
829.168318361489,844.528257197907
37.8651159907958,40.99230298796
784.562408701975,798.038116937642
712.772675138098,741.342026442956
220.592382870774,197.316782953933
1004.94537606856,1003.04968141308
506.617548030409,485.899755611793
24.4980654730462,42.2787766638564
357.243483637197,388.658996807722
105.112372339716,96.5021635990274
505.555327821476,518.752903167836
551.858976785608,568.667690487496
323.594988904894,353.328158279106
33.5854227857428,33.4195583844917
1782.0154770524,1771.42540996043
301.622335807093,329.374580197192
199.992462564539,215.580629771207
423.133647909482,398.659025040789
981.537347713875,970.647000226851
1813.5042755012,1837.316682637
1783.70768784105,1750.6267278866
1313.82858479461,1325.3385056299
710.017013730853,712.506937942156
1727.30527746911,1762.61092754683
1087.15855391542,1080.3811349096
453.552640032773,479.336539894768
668.241973953419,707.859607654623
175.67052971634,162.886000684852
2140.15888745494,2123.50691537758
2071.75569139283,2047.07998703709
1065.74205134274,1057.27761312196
435.067785726505,456.534120079152
862.769599942887,847.605625260264
821.656800659397,784.948100568955
220.733729471523,231.945337400441
1689.42418047566,1674.28002530774
311.639331556837,345.281898432702
130.37190977064,167.425181630042
1708.74287017526,1712.88337497815
667.367342039244,680.294094964905
1102.96316581828,1110.97876968691
1097.6115875891,1094.90895319939
122.750272692196,108.277274942442
323.770603308494,333.500043291513
425.758915839384,467.796967901074
859.66913598552,844.550415477008
1378.18670777791,1403.09618946656
526.172184908522,511.893865271284
379.067198698119,367.384133036158
2282.23892589081,2310.99917426836
2059.24646858384,2063.31945901549
366.819416300652,367.47731261874
2712.45251255589,2711.15663033459
1925.97289143597,1913.33242782683
782.79654900513,772.572257084807
216.303400850676,215.819842561067
809.327793090273,828.825874922719
318.879742286979,332.546162284454
837.976713912001,848.30472242751
585.344269493147,572.188138280248
1639.72238268045,1606.01033562752
382.974622665826,362.860463220858
34.1703496663983,7.7804902728131
619.837885304466,635.134309162211
1561.40764932142,1587.50089471665
738.53676921068,721.583243669318
1417.14784303749,1389.90137745204
1301.60001687258,1314.63095193295
2058.53006608049,2054.57254976414
880.589739277009,880.226352983434
1269.4036655433,1278.80465685463
1875.351633387,1870.13961224584
533.353140928719,519.43767777374
848.6149517897,852.806962246041
1979.43792098017,1965.46677626394
57.5047828650639,55.5797572349615
54.5059042084845,57.9870613413059
616.918680316159,615.833504997795
36.8071431232717,49.9346963094893
1935.73871190365,1938.22066044472
920.146092943219,906.189157761843
661.075307438875,661.878866976267
1033.84000503832,1012.65227248509
220.032407008852,209.845414944722
302.51803693664,296.38921309503
347.044293908838,312.679746529035
640.200867005925,665.270203444337
1343.86528147503,1311.41133748499
515.411464533019,544.858710894185
863.655187618514,863.599269886322
406.011420896907,397.632212665562
502.915993410274,498.137131699131
956.047969728509,957.819563986816
1302.03175533491,1327.0855598914
73.0414564963299,45.3974244191149
837.727984036829,862.332470162249
1553.95064355745,1554.10565207527
199.075424213985,195.499430082411
1333.03760779172,1322.25953988349
2410.09129674503,2424.14430405698
932.37147564046,913.788641601216
865.024875131742,846.653521085233
278.381719425331,246.505366076593
679.272599645585,683.13165395621
510.250651340282,506.681289709782
33.4901231526998,14.5740080872161
759.677939059535,771.816620131855
1493.10748703252,1486.33785773521
1786.55995360526,1756.67496761831
2038.05555121421,2024.5463270902
1950.92024883502,1935.42384751074
1316.08089145074,1301.01088492988
67.6464047192242,78.9410810282168
1722.36991347302,1739.06031874674
1748.24714773377,1770.69921578888
367.781375041996,385.786356110054
1110.14673250951,1120.30185028181
70.4584762517037,69.8792498668818
704.341733212562,683.781573066349
246.631906842683,234.831640179755
295.138151670396,319.34224638596
515.664562423868,514.146516657876
1119.35861523311,1126.03138204699
422.698377775819,453.501731282266
629.532130334493,640.157895179457
586.031766632168,573.619258712698
1060.61203402313,1022.85643850261
404.949428807259,413.202266564269
194.364895617613,234.49651303842
1869.95089220625,1847.58672573629
28.2525058446355,6.87456480728926
725.323073446736,739.217264474671
748.744400752144,723.003214605812
132.082638583879,144.287917694684
393.822920927619,395.055330209868
1170.47731464985,1166.29215521741
408.377018384433,398.74159188394
1584.04135890861,1585.10938143583
2210.12818747458,2235.5786121307
21.425430881015,50.5860037868144
364.641559263429,395.7213064705
132.944829024446,114.589333342176
317.61808845522,327.255739348891
824.963663267673,822.498176700556
734.600419836297,706.796459484236
548.858560007964,558.425603887587
320.465985445266,330.839497783024
1002.02959243892,1010.71625776598
15.4144812239867,21.6606026985832
1528.58677790806,1536.97696390828
500.535055405022,516.279328492592
1176.35637528575,1178.24562788716
905.775110083311,894.223983820241
1019.08504099096,1027.67429305233
1398.67635291856,1407.60319663765
840.671089022604,815.216047043755
861.463379281896,867.305214608784
492.539992672918,490.876927392618
437.415791285459,427.089329996776
881.886904699151,883.409144086222
726.766599261947,725.19088894192
434.773467351934,382.393665214013
1751.83691913656,1775.87550677376
736.417726107365,730.979820249936
1195.01322485015,1188.81111104111
1158.56832315778,1163.1090553926
632.073457511074,634.923538045488
608.896893137882,617.173780791817
1375.49140026545,1373.51153044495
708.471217966268,690.563420625879
3.53961554415776,26.8257100548079
743.552950807813,791.311273962639
506.837590325708,528.912941290554
20.0969081342326,21.0096348133837
19.5316601905589,13.3180599004612
776.550815452335,761.041128808921
699.798226470554,686.86614887884
2275.74304382592,2303.66673504287
342.635395772169,326.001510273594
1059.10660317618,1049.74358068438
52.9242540655028,77.4952362572406
876.491348527369,901.153179884192
106.407771153373,121.231089036057
616.853475478914,632.3937040741
1677.82743623316,1699.69010233305
2187.57773191618,2185.49995165999
1846.4673622977,1841.87676866978
681.909743624571,705.187473379525
507.6911315678,506.260416880382
1061.35888806913,1042.51335204698
1468.19404298463,1473.05443482429
618.122278576639,632.644886077356
384.084829541348,392.06652595594
349.546663213947,359.063438314735
741.965709651254,749.033543219865
1875.57364619635,1869.04586682165
1581.62055571923,1590.13410944949
629.77144245722,647.704902474825
584.180676610731,598.562298123971
1442.58694116308,1411.92156222648
574.570392101912,607.123170796434
176.080139226992,162.763567870812
302.718389807177,287.005823408351
1178.31592934919,1145.57316126756
97.3639238225626,125.921613942155
275.574471876521,301.920835525152
515.542324518822,507.064847679357
305.969818784236,319.710137834
927.047536956675,919.247350424296
825.279793378187,825.719479893573
1992.18084575741,1988.22729051562
831.146424941337,819.635088990672
2012.69425183046,2011.35733711275
841.587732808309,826.382794719255
722.653714584622,762.728866421691
412.672375981401,406.880274534813
1041.1135572009,1047.05620749729
1500.33947857867,1483.25320169621
556.363175361503,572.209013392489
243.287129285401,256.011725577113
1252.49817140774,1203.19302902355
828.461148146802,836.90514284342
1262.31435238741,1246.54656388175
1172.78368090232,1165.69228219023
896.685177307999,878.515926070988
1159.25870022174,1145.02157148595
1029.4711919779,953.562463718391
1467.75474148374,1469.13119375265
734.480762931592,750.76529396664
341.243822708487,337.452919341342
40.5667969870285,24.8134713412333
336.375677571397,344.259264331229
1017.81430694945,1008.37407497911
714.46509169974,704.779788047898
1159.02256240395,1158.0237632299
297.78634482853,261.026474392374
1975.79766650674,1958.83871844746
325.208728043683,342.409055494519
1033.27290711238,995.278972282683
326.548577523521,327.312627727612
718.454578166668,689.814719689657
896.751419459951,906.966933925692
1013.02685795514,1039.96849400759
3030.99744595184,3041.50218869567
377.003696218646,416.254833959992
263.868830994542,273.580708301276
524.40919695265,529.914369799603
72.3950317247222,30.6703788577696
241.261121102221,191.708093559175
706.00181299523,705.434409974285
340.306682422491,366.838775240594
1363.28515638222,1395.40544658947
315.785331505722,304.24976554511
979.747838201471,963.53591321322
217.245272520768,210.551778393263
994.569475412672,998.095503553683
1092.19791711596,1113.19724067146
323.249446066311,332.013647486911
120.701996043319,146.764728857089
1673.90562445006,1632.40175119987
123.075887609366,95.2478814595731
592.714675484449,573.002997847764
2477.66816992089,2472.84197923722
1225.55245078925,1198.01611857063
19.1499231506803,39.6525409929986
28.2755620270495,33.2734922984598
1092.75777813186,1080.42091533387
560.267156750945,541.988151429592
208.328323477897,215.294498612851
1317.94526982895,1314.16759763547
421.074630340098,409.333386110227
332.213964125538,334.01924523571
801.98294255724,768.241798984187
801.154446044685,768.864538932765
64.4041093227667,35.0020547275908
913.054686599289,904.060202360265
410.119198849679,436.419254947348
985.68742935927,1005.60002363817
470.887693839059,440.191875714307
254.832819264923,239.179808359549
439.375493877706,400.543593258865
879.028274202464,876.785036702128
105.468091437795,115.096825323226
954.20751395654,978.1004725374
1539.26158136265,1531.64938940153
724.781734140839,723.543416942663
458.815148551465,452.765754629318
145.083852171681,131.517741043513
889.499419705242,875.892389884721
787.957149805614,782.47590432943
941.258342638933,933.964751025171
116.281853764084,117.48507820979
348.432201497564,327.744291403568
1195.83681738912,1200.14708558625
1263.94181713227,1284.14498446134
555.221743732187,565.973252524434
479.279496529886,451.207630972551
226.604504012529,233.203017864884
1410.07176681248,1393.60294032473
249.664807312525,243.43528192928
1155.25241969141,1156.6425474205
606.08384359561,630.85953492169
442.304279109276,402.418141245895
1418.82087437804,1418.59699932783
260.899727201211,217.207924811196
588.715091123551,610.425316000949
233.982133339914,201.48571466333
281.900828306958,296.436238035459
105.110154419338,139.815426531852
99.704393626782,65.9480597623259
1992.58293393971,2010.4394266886
84.9663857071871,63.7443427137454
1543.95331866663,1555.38090015839
2878.91157106083,2856.83306727223
1160.33099652784,1173.21667636126
275.905308524738,251.528260939603
958.410649475841,937.492093600954
175.737237245677,163.956467011177
622.107359932406,624.771113356671
1955.09097529884,1913.77770036417
1752.74192771658,1768.05117768338
1173.06643237927,1193.2732836012
620.684539464282,612.440541761681
1131.55535692482,1120.69381238444
895.26317519308,889.730264069894
312.860230487128,322.607591096547
176.619321703229,134.472146440382
2496.74285383293,2514.20690999013
560.169107292046,576.523160906492
448.755183737677,455.611736536486
287.233605118764,274.908915974563
648.864531027997,635.627308076139
57.4623810451243,60.7229408606508
454.911680759766,437.676734224336
939.748411745434,941.808785824528
1364.01013555988,1359.43326423394
2122.99085015322,2096.59679547588
1.72822459011706,5.83972626486497
631.054669338843,625.630070662119
895.471229583053,945.320235758396
696.599362131934,684.330098375082
454.975810705742,411.150576594074
885.65680685876,908.954158100418
1066.93175455228,1100.19402785711
205.245717090505,221.794632457415
1384.45716837318,1394.13024177781
1201.98689551926,1192.26111075576
1390.17038732551,1390.25115323797
612.666623750846,618.844365506955
413.444314305673,413.442893586406
171.769091659281,161.987625055689
1176.67195753386,1167.44114451796
825.480880168934,828.103860452872
360.774259934203,365.201705375443
828.566389969531,836.253898715857
847.994501176774,839.541290198656
1178.60003153517,1158.80653430447
158.974737871861,180.583994358806
1718.32217491916,1738.51703536543
21.3564782272151,13.0320558859351
277.287397019543,313.607301968031
1274.38125853977,1326.01987998751
1443.89251367878,1432.70304227742
447.390791701185,425.245667424599
37.7631436089916,21.7975809320373
615.618146116202,629.149475773475
1358.43159236878,1350.73134184759
490.497373151207,474.964758078087
726.625131947783,701.095572756704
624.997547952678,601.302066822857
158.261558912105,162.74236701534
246.069953038194,241.643705330313
363.149167437339,318.675688629085
1979.4334811614,2002.78945922846
507.825872515854,515.333513252235
854.550036615674,831.813363367033
165.180020327866,166.770713154686
950.265877827278,934.929965582137
2043.52746198293,2047.63679120163
1926.79342624796,1933.42015520439
2102.40607582888,2098.37010010702
256.572460897515,268.701382499372
820.463051385203,811.53465908261
1325.72776857178,1290.46477338048
1630.21276050834,1650.26140429314
665.89872241328,696.965679083871
322.279882589022,304.022613702099
1789.53718371818,1797.08042338297
1177.39993723104,1137.15477561888
451.90808644663,434.982653644091
1334.31973961655,1324.89275017983
473.244926089445,491.477987921495
1422.59621590442,1405.04172540535
155.442279736129,144.198580776651
230.785553879102,204.033115819111
106.687558226266,82.8719402167266
385.61190619223,409.335755003694
26.9592539494608,32.9938583273315
1262.42199972952,1222.40554718804
1671.30988095571,1684.64176541297
978.106589551007,996.2724476558
130.363750286005,101.238631859966
641.058207305786,661.093886785025
1154.50528122833,1154.54831663272
179.374897854002,161.655290287506
1065.75099856241,1074.7640654433
53.9021232833609,75.2424674359285
294.542775549172,308.716365228413
168.411300260619,199.632230211734
205.548514764352,220.037882706371
258.261427928411,271.614723560504
326.135885572108,311.025965341662
1369.62971663036,1346.02570257204
1824.62619603348,1841.97769891247
909.539402300367,910.923242240966
1223.46579367452,1215.87765404666
982.255324241209,965.312398964371
217.501932556042,227.769804660049
786.358074804234,799.591242649552
350.170980179413,379.029216921487
2372.3163416602,2341.4048235941
643.777615917612,652.114858394455
378.31893810726,391.683779712368
634.122473999124,637.259102976918
166.994293430522,129.116905312334
371.218023017653,374.188818479482
141.386553337104,147.872347657315
1124.33465965897,1110.07913009579
923.130221742449,958.313565011851
390.633506539967,391.79597519485
757.472266571562,726.141927132389
932.98525029554,915.222500230407
561.761907351684,590.513952775755
144.924030729659,151.318295356875
10.9597235087664,23.4226861011115
298.359856090541,314.913025201749
468.333029656032,440.706647996139
1380.63156668137,1331.80658307674
272.859474171538,290.474288660163
305.207932297308,341.539027733414
957.25204287693,971.394616930383
348.396590400923,365.058306490922
1404.46755363505,1406.98844133176
413.446691891291,411.075554611326
899.353125118384,890.540906038928
497.979105245551,471.233052978418
555.957918631908,573.331036092785
374.636691772375,378.162046998202
1089.55943577342,1080.09757772216
1152.19379154299,1138.30196619204
719.134752923405,713.756876115117
0.633062434960134,26.0767060193007
170.388542874553,134.061670916616
1167.72525960832,1199.03765961414
1617.98933010108,1624.87063115689
190.911159147942,174.41473489246
1364.8120147232,1371.95146476249
222.639168204732,175.029282435927
1957.27821542671,1991.10391602863
811.918930027933,834.701568974297
649.96844116952,627.477551878639
528.352727108749,536.185549367496
348.969146964129,341.396857709196
353.369079908468,346.383491180868
1183.95748541923,1201.0039936599
269.082706242305,275.047136692878
1145.501939883,1156.15051439795
912.602909535926,861.018138788379
301.834786813511,327.699086165317
1558.87040603032,1540.90263760973
1633.2676976062,1634.91457513157
1110.11190784143,1132.63631727692
1551.88372542313,1544.83667229186
370.032950992428,357.167815404152
640.38207514112,625.518917778168
602.833121054633,598.947220511239
1086.94834871419,1095.93752222123
505.387275366614,506.309137324739
175.567991497669,183.368047351882
1206.36741220604,1208.42616344889
194.299562804127,193.9875224874
2380.30839861449,2386.40991542986
1017.26908249923,1014.90133702676
656.259379238779,670.044521616958
1284.92653032721,1272.58115456587
562.427482609504,572.489562300836
752.369080906803,738.123413958501
1434.9120068119,1434.67549667415
290.865925276004,299.647762511629
746.554118773183,789.302060494724
1603.61772632209,1628.90913316191
21.1410652434359,40.1218100555744
1015.00937014274,1002.87161665974
186.106794913208,180.814831391748
746.291269325298,775.138642063766
3128.84423818347,3110.94451099019
44.5674563382139,25.6362871704066
2349.29329844356,2357.56161799009
1283.8314761885,1298.13019839806
1525.23796007472,1552.39409883694
269.088455364401,303.544860869506
568.156395910499,545.180895214903
1952.28484295187,1940.10100309798
192.320612526112,205.387248627848
86.9127124676474,129.022371912096
