ageband,year,pop,deaths,people
05-09,2011,Male,1,148600
05-09,2011,Male Maori,1,37110
05-09,2011,Maori,1,72460
05-09,2011,Total,1,290570
10-14,1996,Female,4,130880
10-14,1996,Female Maori,3,27930
10-14,1996,Female Non-Maori,1,102950
10-14,1996,Male,3,138270
10-14,1996,Male Maori,1,28190
10-14,1996,Male Non-Maori,2,110080
10-14,1996,Maori,4,56130
10-14,1996,Non-Maori,3,213010
10-14,1996,Total,7,269140
10-14,1997,Female,3,133280
10-14,1997,Female Maori,1,28910
10-14,1997,Female Non-Maori,2,104370
10-14,1997,Male,5,140450
10-14,1997,Male Maori,3,29210
10-14,1997,Male Non-Maori,2,111240
10-14,1997,Maori,4,58120
10-14,1997,Non-Maori,4,215620
10-14,1997,Total,8,273740
10-14,1998,Female,4,136480
10-14,1998,Female Maori,3,30180
10-14,1998,Female Non-Maori,1,106300
10-14,1998,Male,8,143480
10-14,1998,Male Maori,6,30400
10-14,1998,Male Non-Maori,2,113080
10-14,1998,Maori,9,60570
10-14,1998,Non-Maori,3,219390
10-14,1998,Total,12,279960
10-14,1999,Female,3,139650
10-14,1999,Female Maori,3,31490
10-14,1999,Male,3,146620
10-14,1999,Male Maori,1,31860
10-14,1999,Male Non-Maori,2,114760
10-14,1999,Maori,4,63350
10-14,1999,Non-Maori,2,222920
10-14,1999,Total,6,286270
10-14,2000,Female,1,143400
10-14,2000,Female Non-Maori,1,110580
10-14,2000,Male,3,150160
10-14,2000,Male Maori,1,33430
10-14,2000,Male Non-Maori,2,116730
10-14,2000,Maori,1,66250
10-14,2000,Non-Maori,3,227310
10-14,2000,Total,4,293560
10-14,2001,Female,2,147100
10-14,2001,Female Maori,1,33950
10-14,2001,Female Non-Maori,1,113150
10-14,2001,Male,1,153900
10-14,2001,Male Non-Maori,1,119040
10-14,2001,Maori,1,68810
10-14,2001,Non-Maori,2,232190
10-14,2001,Total,3,301000
10-14,2003,Female,1,152570
10-14,2003,Female Maori,1,34890
10-14,2003,Male,4,160350
10-14,2003,Male Maori,4,36360
10-14,2003,Maori,5,71260
10-14,2003,Total,5,312920
10-14,2004,Female,3,153270
10-14,2004,Female Maori,2,34800
10-14,2004,Female Non-Maori,1,118470
10-14,2004,Male,4,161430
10-14,2004,Male Maori,2,36650
10-14,2004,Male Non-Maori,2,124780
10-14,2004,Maori,4,71460
10-14,2004,Non-Maori,3,243240
10-14,2004,Total,7,314700
10-14,2005,Female,1,152380
10-14,2005,Female Maori,1,34640
10-14,2005,Male,2,160850
10-14,2005,Male Non-Maori,2,124150
10-14,2005,Maori,1,71340
10-14,2005,Non-Maori,2,241890
10-14,2005,Total,3,313230
10-14,2006,Female,4,150900
10-14,2006,Female Maori,4,34390
10-14,2006,Male,1,159380
10-14,2006,Male Non-Maori,1,122880
10-14,2006,Maori,4,70880
10-14,2006,Non-Maori,1,239400
10-14,2006,Total,5,310280
10-14,2007,Female,1,149330
10-14,2007,Female Maori,1,34140
10-14,2007,Male,1,156980
10-14,2007,Male Non-Maori,1,121020
10-14,2007,Maori,1,70100
10-14,2007,Non-Maori,1,236210
10-14,2007,Total,2,306310
10-14,2008,Female,3,147930
10-14,2008,Female Maori,2,34150
10-14,2008,Female Non-Maori,1,113780
10-14,2008,Male,2,155510
10-14,2008,Male Maori,2,35910
10-14,2008,Maori,4,70060
10-14,2008,Non-Maori,1,233380
10-14,2008,Total,5,303440
10-14,2009,Female,3,146950
10-14,2009,Female Maori,2,34310
10-14,2009,Female Non-Maori,1,112640
10-14,2009,Male,6,154880
10-14,2009,Male Maori,3,36060
10-14,2009,Male Non-Maori,3,118820
10-14,2009,Maori,5,70370
10-14,2009,Non-Maori,4,231460
10-14,2009,Total,9,301830
10-14,2010,Female,3,147330
10-14,2010,Female Maori,2,34710
10-14,2010,Female Non-Maori,1,112620
10-14,2010,Male,3,155490
10-14,2010,Male Maori,2,36600
10-14,2010,Male Non-Maori,1,118890
10-14,2010,Maori,4,71310
10-14,2010,Non-Maori,2,231510
10-14,2010,Total,6,302820
10-14,2011,Female,3,147320
10-14,2011,Female Maori,2,35060
10-14,2011,Female Non-Maori,1,112260
10-14,2011,Male,3,155110
10-14,2011,Male Maori,2,36960
10-14,2011,Male Non-Maori,1,118150
10-14,2011,Maori,4,72020
10-14,2011,Non-Maori,2,230410
10-14,2011,Total,6,302430
10-14,2012,Female,5,146150
10-14,2012,Female Maori,3,35040
10-14,2012,Female Non-Maori,2,111110
10-14,2012,Male,5,153790
10-14,2012,Male Maori,4,37020
10-14,2012,Male Non-Maori,1,116770
10-14,2012,Maori,7,72070
10-14,2012,Non-Maori,3,227870
10-14,2012,Total,10,299940
10-14,2013,Female,2,144600
10-14,2013,Female Maori,1,34810
10-14,2013,Female Non-Maori,1,109790
10-14,2013,Maori,1,71760
10-14,2013,Non-Maori,1,225020
10-14,2013,Total,2,296780
15-19,1996,Female,21,132500
15-19,1996,Female Maori,5,27840
15-19,1996,Female Non-Maori,16,104660
15-19,1996,Male,37,137990
15-19,1996,Male Maori,12,27720
15-19,1996,Male Non-Maori,25,110270
15-19,1996,Maori,17,55560
15-19,1996,Non-Maori,41,214930
15-19,1996,Total,58,270490
15-19,1997,Female,19,132580
15-19,1997,Female Maori,7,27550
15-19,1997,Female Non-Maori,12,105030
15-19,1997,Male,54,138210
15-19,1997,Male Maori,16,27720
15-19,1997,Male Non-Maori,38,110490
15-19,1997,Maori,23,55270
15-19,1997,Non-Maori,50,215520
15-19,1997,Total,73,270790
15-19,1998,Female,28,133050
15-19,1998,Female Maori,9,27200
15-19,1998,Female Non-Maori,19,105850
15-19,1998,Male,40,138360
15-19,1998,Male Maori,12,27470
15-19,1998,Male Non-Maori,28,110890
15-19,1998,Maori,21,54670
15-19,1998,Non-Maori,47,216740
15-19,1998,Total,68,271410
15-19,1999,Female,18,133210
15-19,1999,Female Maori,3,26940
15-19,1999,Female Non-Maori,15,106270
15-19,1999,Male,30,138430
15-19,1999,Male Maori,9,27170
15-19,1999,Male Non-Maori,21,111260
15-19,1999,Maori,12,54110
15-19,1999,Non-Maori,36,217540
15-19,1999,Total,48,271650
15-19,2000,Female,9,134360
15-19,2000,Female Maori,2,27140
15-19,2000,Female Non-Maori,7,107220
15-19,2000,Male,29,139410
15-19,2000,Male Maori,10,27260
15-19,2000,Male Non-Maori,19,112150
15-19,2000,Maori,12,54390
15-19,2000,Non-Maori,26,219380
15-19,2000,Total,38,273770
15-19,2001,Female,11,136360
15-19,2001,Female Maori,6,27750
15-19,2001,Female Non-Maori,5,108610
15-19,2001,Male,30,141670
15-19,2001,Male Maori,8,27840
15-19,2001,Male Non-Maori,22,113830
15-19,2001,Maori,14,55590
15-19,2001,Non-Maori,27,222440
15-19,2001,Total,41,278030
15-19,2002,Female,15,140640
15-19,2002,Female Maori,6,29400
15-19,2002,Female Non-Maori,9,111240
15-19,2002,Male,24,146230
15-19,2002,Male Maori,9,29450
15-19,2002,Male Non-Maori,15,116780
15-19,2002,Maori,15,58860
15-19,2002,Non-Maori,24,228010
15-19,2002,Total,39,286870
15-19,2003,Female,16,145020
15-19,2003,Female Maori,8,30920
15-19,2003,Female Non-Maori,8,114100
15-19,2003,Male,36,150160
15-19,2003,Male Maori,10,30820
15-19,2003,Male Non-Maori,26,119340
15-19,2003,Maori,18,61750
15-19,2003,Non-Maori,34,233430
15-19,2003,Total,52,295180
15-19,2004,Female,16,147930
15-19,2004,Female Maori,8,31960
15-19,2004,Female Non-Maori,8,115970
15-19,2004,Male,34,152800
15-19,2004,Male Maori,13,31780
15-19,2004,Male Non-Maori,21,121020
15-19,2004,Maori,21,63740
15-19,2004,Non-Maori,29,237000
15-19,2004,Total,50,300740
15-19,2005,Female,9,150930
15-19,2005,Female Maori,3,32660
15-19,2005,Female Non-Maori,6,118270
15-19,2005,Male,38,155530
15-19,2005,Male Maori,13,32400
15-19,2005,Male Non-Maori,25,123130
15-19,2005,Maori,16,65060
15-19,2005,Non-Maori,31,241400
15-19,2005,Total,47,306460
15-19,2006,Female,12,154130
15-19,2006,Female Maori,5,33110
15-19,2006,Female Non-Maori,7,121020
15-19,2006,Male,50,159160
15-19,2006,Male Maori,18,32900
15-19,2006,Male Non-Maori,32,126260
15-19,2006,Maori,23,66010
15-19,2006,Non-Maori,39,247280
15-19,2006,Total,62,313290
15-19,2007,Female,13,156030
15-19,2007,Female Maori,4,33500
15-19,2007,Female Non-Maori,9,122530
15-19,2007,Male,28,160540
15-19,2007,Male Maori,11,33400
15-19,2007,Male Non-Maori,17,127140
15-19,2007,Maori,15,66900
15-19,2007,Non-Maori,26,249670
15-19,2007,Total,41,316570
15-19,2008,Female,21,156620
15-19,2008,Female Maori,12,33580
15-19,2008,Female Non-Maori,9,123040
15-19,2008,Male,30,160500
15-19,2008,Male Maori,6,33640
15-19,2008,Male Non-Maori,24,126860
15-19,2008,Maori,18,67220
15-19,2008,Non-Maori,33,249900
15-19,2008,Total,51,317120
15-19,2009,Female,12,156820
15-19,2009,Female Maori,9,33390
15-19,2009,Female Non-Maori,3,123430
15-19,2009,Male,44,160420
15-19,2009,Male Maori,11,33770
15-19,2009,Male Non-Maori,33,126650
15-19,2009,Maori,20,67150
15-19,2009,Non-Maori,36,250090
15-19,2009,Total,56,317240
15-19,2010,Female,20,156330
15-19,2010,Female Maori,9,33220
15-19,2010,Female Non-Maori,11,123110
15-19,2010,Male,28,160830
15-19,2010,Male Maori,13,33900
15-19,2010,Male Non-Maori,15,126930
15-19,2010,Maori,22,67120
15-19,2010,Non-Maori,26,250040
15-19,2010,Total,48,317160
15-19,2011,Female,16,154460
15-19,2011,Female Maori,9,33140
15-19,2011,Female Non-Maori,7,121320
15-19,2011,Male,45,160440
15-19,2011,Male Maori,23,34100
15-19,2011,Male Non-Maori,22,126340
15-19,2011,Maori,32,67240
15-19,2011,Non-Maori,29,247660
15-19,2011,Total,61,314900
15-19,2012,Female,21,153060
15-19,2012,Female Maori,14,33330
15-19,2012,Female Non-Maori,7,119730
15-19,2012,Male,49,159840
15-19,2012,Male Maori,21,34480
15-19,2012,Male Non-Maori,28,125360
15-19,2012,Maori,35,67810
15-19,2012,Non-Maori,35,245090
15-19,2012,Total,70,312900
15-19,2013,Female,21,152420
15-19,2013,Female Maori,10,33720
15-19,2013,Female Non-Maori,11,118700
15-19,2013,Male,31,160240
15-19,2013,Male Maori,13,35120
15-19,2013,Male Non-Maori,18,125120
15-19,2013,Maori,23,68840
15-19,2013,Non-Maori,29,243820
15-19,2013,Total,52,312660
20-24,1996,Female,17,140440
20-24,1996,Female Maori,4,25110
20-24,1996,Female Non-Maori,13,115330
20-24,1996,Male,68,140360
20-24,1996,Male Maori,16,23480
20-24,1996,Male Non-Maori,52,116880
20-24,1996,Maori,20,48590
20-24,1996,Non-Maori,65,232210
20-24,1996,Total,85,280800
20-24,1997,Female,10,136700
20-24,1997,Female Maori,2,25180
20-24,1997,Female Non-Maori,8,111520
20-24,1997,Male,60,137150
20-24,1997,Male Maori,13,23670
20-24,1997,Male Non-Maori,47,113480
20-24,1997,Maori,15,48850
20-24,1997,Non-Maori,55,225000
20-24,1997,Total,70,273850
20-24,1998,Female,11,132590
20-24,1998,Female Maori,6,25170
20-24,1998,Female Non-Maori,5,107420
20-24,1998,Male,67,132980
20-24,1998,Male Maori,18,23820
20-24,1998,Male Non-Maori,49,109160
20-24,1998,Maori,24,48980
20-24,1998,Non-Maori,54,216590
20-24,1998,Total,78,265570
20-24,1999,Female,16,129460
20-24,1999,Female Maori,5,24940
20-24,1999,Female Non-Maori,11,104520
20-24,1999,Male,51,129430
20-24,1999,Male Maori,15,23720
20-24,1999,Male Non-Maori,36,105710
20-24,1999,Maori,20,48660
20-24,1999,Non-Maori,47,210230
20-24,1999,Total,67,258890
20-24,2000,Female,6,127430
20-24,2000,Female Maori,2,24480
20-24,2000,Female Non-Maori,4,102950
20-24,2000,Male,50,127680
20-24,2000,Male Maori,13,23400
20-24,2000,Male Non-Maori,37,104280
20-24,2000,Maori,15,47880
20-24,2000,Non-Maori,41,207220
20-24,2000,Total,56,255100
20-24,2001,Female,6,128120
20-24,2001,Female Maori,1,24450
20-24,2001,Female Non-Maori,5,103670
20-24,2001,Male,58,128510
20-24,2001,Male Maori,13,23470
20-24,2001,Male Non-Maori,45,105040
20-24,2001,Maori,14,47920
20-24,2001,Non-Maori,50,208710
20-24,2001,Total,64,256630
20-24,2002,Female,13,132230
20-24,2002,Female Maori,3,23810
20-24,2002,Female Non-Maori,10,108420
20-24,2002,Male,40,133350
20-24,2002,Male Maori,13,22930
20-24,2002,Male Non-Maori,27,110420
20-24,2002,Maori,16,46730
20-24,2002,Non-Maori,37,218860
20-24,2002,Total,53,265590
20-24,2003,Female,14,137940
20-24,2003,Female Maori,4,23790
20-24,2003,Female Non-Maori,10,114150
20-24,2003,Male,31,140350
20-24,2003,Male Maori,11,22790
20-24,2003,Male Non-Maori,20,117560
20-24,2003,Maori,15,46580
20-24,2003,Non-Maori,30,231710
20-24,2003,Total,45,278290
20-24,2004,Female,12,141480
20-24,2004,Female Maori,5,24360
20-24,2004,Female Non-Maori,7,117120
20-24,2004,Male,46,143900
20-24,2004,Male Maori,14,23210
20-24,2004,Male Non-Maori,32,120690
20-24,2004,Maori,19,47570
20-24,2004,Non-Maori,39,237810
20-24,2004,Total,58,285380
20-24,2005,Female,14,143550
20-24,2005,Female Maori,8,25310
20-24,2005,Female Non-Maori,6,118240
20-24,2005,Male,47,145250
20-24,2005,Male Maori,17,23880
20-24,2005,Male Non-Maori,30,121370
20-24,2005,Maori,25,49190
20-24,2005,Non-Maori,36,239610
20-24,2005,Total,61,288800
20-24,2006,Female,11,145310
20-24,2006,Female Maori,3,25920
20-24,2006,Female Non-Maori,8,119390
20-24,2006,Male,47,145810
20-24,2006,Male Maori,12,24240
20-24,2006,Male Non-Maori,35,121570
20-24,2006,Maori,15,50160
20-24,2006,Non-Maori,43,240960
20-24,2006,Total,58,291120
20-24,2007,Female,11,144970
20-24,2007,Female Maori,7,26430
20-24,2007,Female Non-Maori,4,118540
20-24,2007,Male,43,144940
20-24,2007,Male Maori,11,24690
20-24,2007,Male Non-Maori,32,120250
20-24,2007,Maori,18,51120
20-24,2007,Non-Maori,36,238790
20-24,2007,Total,54,289910
20-24,2008,Female,11,144650
20-24,2008,Female Maori,4,27180
20-24,2008,Female Non-Maori,7,117470
20-24,2008,Male,53,144760
20-24,2008,Male Maori,12,25270
20-24,2008,Male Non-Maori,41,119490
20-24,2008,Maori,16,52450
20-24,2008,Non-Maori,48,236960
20-24,2008,Total,64,289410
20-24,2009,Female,9,146130
20-24,2009,Female Maori,2,28100
20-24,2009,Female Non-Maori,7,118030
20-24,2009,Male,49,147020
20-24,2009,Male Maori,12,26020
20-24,2009,Male Non-Maori,37,121000
20-24,2009,Maori,14,54110
20-24,2009,Non-Maori,44,239030
20-24,2009,Total,58,293140
20-24,2010,Female,12,149690
20-24,2010,Female Maori,6,29090
20-24,2010,Female Non-Maori,6,120600
20-24,2010,Male,47,150980
20-24,2010,Male Maori,14,26860
20-24,2010,Male Non-Maori,33,124120
20-24,2010,Maori,20,55950
20-24,2010,Non-Maori,39,244710
20-24,2010,Total,59,300660
20-24,2011,Female,17,153050
20-24,2011,Female Maori,7,29820
20-24,2011,Female Non-Maori,10,123230
20-24,2011,Male,50,154780
20-24,2011,Male Maori,12,27560
20-24,2011,Male Non-Maori,38,127220
20-24,2011,Maori,19,57380
20-24,2011,Non-Maori,48,250440
20-24,2011,Total,67,307820
20-24,2012,Female,20,154660
20-24,2012,Female Maori,11,30280
20-24,2012,Female Non-Maori,9,124380
20-24,2012,Male,51,156860
20-24,2012,Male Maori,13,27970
20-24,2012,Male Non-Maori,38,128890
20-24,2012,Maori,24,58250
20-24,2012,Non-Maori,47,253270
20-24,2012,Total,71,311520
20-24,2013,Female,11,156220
20-24,2013,Female Maori,7,30440
20-24,2013,Female Non-Maori,4,125780
20-24,2013,Male,44,159670
20-24,2013,Male Maori,17,28480
20-24,2013,Male Non-Maori,27,131190
20-24,2013,Maori,24,58920
20-24,2013,Non-Maori,31,256970
20-24,2013,Total,55,315890
25-29,1996,Female,8,145930
25-29,1996,Female Maori,2,22680
25-29,1996,Female Non-Maori,6,123250
25-29,1996,Male,63,139280
25-29,1996,Male Maori,17,20240
25-29,1996,Male Non-Maori,46,119040
25-29,1996,Maori,19,42920
25-29,1996,Non-Maori,52,242290
25-29,1996,Total,71,285210
25-29,1997,Female,14,147450
25-29,1997,Female Maori,4,23160
25-29,1997,Female Non-Maori,10,124290
25-29,1997,Male,71,140310
25-29,1997,Male Maori,20,20680
25-29,1997,Male Non-Maori,51,119630
25-29,1997,Maori,24,43840
25-29,1997,Non-Maori,61,243920
25-29,1997,Total,85,287760
25-29,1998,Female,14,146130
25-29,1998,Female Maori,4,23540
25-29,1998,Female Non-Maori,10,122590
25-29,1998,Male,68,138520
25-29,1998,Male Maori,18,21080
25-29,1998,Male Non-Maori,50,117440
25-29,1998,Maori,22,44620
25-29,1998,Non-Maori,60,240020
25-29,1998,Total,82,284640
25-29,1999,Female,10,142920
25-29,1999,Female Maori,2,23850
25-29,1999,Female Non-Maori,8,119070
25-29,1999,Male,55,134550
25-29,1999,Male Maori,12,21320
25-29,1999,Male Non-Maori,43,113230
25-29,1999,Maori,14,45170
25-29,1999,Non-Maori,51,232300
25-29,1999,Total,65,277470
25-29,2000,Female,9,138960
25-29,2000,Female Maori,3,24070
25-29,2000,Female Non-Maori,6,114890
25-29,2000,Male,56,130330
25-29,2000,Male Maori,14,21550
25-29,2000,Male Non-Maori,42,108780
25-29,2000,Maori,17,45620
25-29,2000,Non-Maori,48,223670
25-29,2000,Total,65,269290
25-29,2001,Female,14,133270
25-29,2001,Female Maori,5,23780
25-29,2001,Female Non-Maori,9,109490
25-29,2001,Male,41,125240
25-29,2001,Male Maori,11,21510
25-29,2001,Male Non-Maori,30,103730
25-29,2001,Maori,16,45290
25-29,2001,Non-Maori,39,213220
25-29,2001,Total,55,258510
25-29,2002,Female,7,130530
25-29,2002,Female Maori,1,23190
25-29,2002,Female Non-Maori,6,107340
25-29,2002,Male,40,123310
25-29,2002,Male Maori,10,20840
25-29,2002,Male Non-Maori,30,102470
25-29,2002,Maori,11,44020
25-29,2002,Non-Maori,36,209810
25-29,2002,Total,47,253830
25-29,2003,Female,12,129870
25-29,2003,Female Maori,3,22550
25-29,2003,Female Non-Maori,9,107320
25-29,2003,Male,33,123460
25-29,2003,Male Maori,8,20160
25-29,2003,Male Non-Maori,25,103300
25-29,2003,Maori,11,42710
25-29,2003,Non-Maori,34,210620
25-29,2003,Total,45,253330
25-29,2004,Female,7,130520
25-29,2004,Female Maori,2,22170
25-29,2004,Female Non-Maori,5,108350
25-29,2004,Male,41,124030
25-29,2004,Male Maori,11,19760
25-29,2004,Male Non-Maori,30,104270
25-29,2004,Maori,13,41930
25-29,2004,Non-Maori,35,212620
25-29,2004,Total,48,254550
25-29,2005,Female,10,131490
25-29,2005,Female Maori,4,22160
25-29,2005,Female Non-Maori,6,109330
25-29,2005,Male,43,124980
25-29,2005,Male Maori,9,19820
25-29,2005,Male Non-Maori,34,105160
25-29,2005,Maori,13,41980
25-29,2005,Non-Maori,40,214500
25-29,2005,Total,53,256480
25-29,2006,Female,15,133830
25-29,2006,Female Maori,7,22800
25-29,2006,Female Non-Maori,8,111030
25-29,2006,Male,33,127030
25-29,2006,Male Maori,7,20470
25-29,2006,Male Non-Maori,26,106560
25-29,2006,Maori,14,43260
25-29,2006,Non-Maori,34,217600
25-29,2006,Total,48,260860
25-29,2007,Female,6,135810
25-29,2007,Female Maori,2,22720
25-29,2007,Female Non-Maori,4,113090
25-29,2007,Male,35,129340
25-29,2007,Male Maori,8,20470
25-29,2007,Male Non-Maori,27,108870
25-29,2007,Maori,10,43180
25-29,2007,Non-Maori,31,221970
25-29,2007,Total,41,265150
25-29,2008,Female,13,137680
25-29,2008,Female Maori,2,22610
25-29,2008,Female Non-Maori,11,115070
25-29,2008,Male,30,131480
25-29,2008,Male Maori,4,20190
25-29,2008,Male Non-Maori,26,111290
25-29,2008,Maori,6,42790
25-29,2008,Non-Maori,37,226380
25-29,2008,Total,43,269170
25-29,2009,Female,11,139390
25-29,2009,Female Maori,3,22470
25-29,2009,Female Non-Maori,8,116920
25-29,2009,Male,19,133490
25-29,2009,Male Maori,6,20000
25-29,2009,Male Non-Maori,13,113490
25-29,2009,Maori,9,42460
25-29,2009,Non-Maori,21,230420
25-29,2009,Total,30,272880
25-29,2010,Female,13,140910
25-29,2010,Female Maori,3,22670
25-29,2010,Female Non-Maori,10,118240
25-29,2010,Male,32,134870
25-29,2010,Male Maori,8,19980
25-29,2010,Male Non-Maori,24,114890
25-29,2010,Maori,11,42650
25-29,2010,Non-Maori,34,233130
25-29,2010,Total,45,275780
25-29,2011,Female,11,141110
25-29,2011,Female Maori,5,22890
25-29,2011,Female Non-Maori,6,118220
25-29,2011,Male,38,134530
25-29,2011,Male Maori,14,20000
25-29,2011,Male Non-Maori,24,114530
25-29,2011,Maori,19,42900
25-29,2011,Non-Maori,30,232740
25-29,2011,Total,49,275640
25-29,2012,Female,9,141050
25-29,2012,Female Maori,1,23360
25-29,2012,Female Non-Maori,8,117690
25-29,2012,Male,36,134360
25-29,2012,Male Maori,9,20330
25-29,2012,Male Non-Maori,27,114030
25-29,2012,Maori,10,43690
25-29,2012,Non-Maori,35,231730
25-29,2012,Total,45,275420
25-29,2013,Female,8,142790
25-29,2013,Female Maori,4,24130
25-29,2013,Female Non-Maori,4,118660
25-29,2013,Male,23,136230
25-29,2013,Male Maori,6,20650
25-29,2013,Male Non-Maori,17,115580
25-29,2013,Maori,10,44790
25-29,2013,Non-Maori,21,234240
25-29,2013,Total,31,279030
30-34,1996,Female,12,154410
30-34,1996,Female Maori,2,21800
30-34,1996,Female Non-Maori,10,132610
30-34,1996,Male,58,147800
30-34,1996,Male Maori,14,19680
30-34,1996,Male Non-Maori,44,128120
30-34,1996,Maori,16,41490
30-34,1996,Non-Maori,54,260720
30-34,1996,Total,70,302210
30-34,1997,Female,18,154080
30-34,1997,Female Maori,3,21830
30-34,1997,Female Non-Maori,15,132250
30-34,1997,Male,54,146550
30-34,1997,Male Maori,15,19700
30-34,1997,Male Non-Maori,39,126850
30-34,1997,Maori,18,41540
30-34,1997,Non-Maori,54,259090
30-34,1997,Total,72,300630
30-34,1998,Female,10,152720
30-34,1998,Female Maori,1,21840
30-34,1998,Female Non-Maori,9,130880
30-34,1998,Male,47,144140
30-34,1998,Male Maori,13,19720
30-34,1998,Male Non-Maori,34,124420
30-34,1998,Maori,14,41560
30-34,1998,Non-Maori,43,255300
30-34,1998,Total,57,296860
30-34,1999,Female,9,151910
30-34,1999,Female Maori,3,22100
30-34,1999,Female Non-Maori,6,129810
30-34,1999,Male,48,141890
30-34,1999,Male Maori,12,20050
30-34,1999,Male Non-Maori,36,121840
30-34,1999,Maori,15,42150
30-34,1999,Non-Maori,42,251640
30-34,1999,Total,57,293790
30-34,2000,Female,8,151770
30-34,2000,Female Maori,2,22620
30-34,2000,Female Non-Maori,6,129150
30-34,2000,Male,49,140530
30-34,2000,Male Maori,12,20420
30-34,2000,Male Non-Maori,37,120110
30-34,2000,Maori,14,43040
30-34,2000,Non-Maori,43,249260
30-34,2000,Total,57,292300
30-34,2001,Female,11,152250
30-34,2001,Female Maori,4,23300
30-34,2001,Female Non-Maori,7,128950
30-34,2001,Male,44,139810
30-34,2001,Male Maori,10,20910
30-34,2001,Male Non-Maori,34,118900
30-34,2001,Maori,14,44210
30-34,2001,Non-Maori,41,247850
30-34,2001,Total,55,292060
30-34,2002,Female,12,154050
30-34,2002,Female Maori,1,23700
30-34,2002,Female Non-Maori,11,130350
30-34,2002,Male,39,141150
30-34,2002,Male Maori,13,21170
30-34,2002,Male Non-Maori,26,119980
30-34,2002,Maori,14,44880
30-34,2002,Non-Maori,37,250330
30-34,2002,Total,51,295210
30-34,2003,Female,9,155930
30-34,2003,Female Maori,1,23900
30-34,2003,Female Non-Maori,8,132030
30-34,2003,Male,41,142430
30-34,2003,Male Maori,12,21270
30-34,2003,Male Non-Maori,29,121160
30-34,2003,Maori,13,45170
30-34,2003,Non-Maori,37,253190
30-34,2003,Total,50,298360
30-34,2004,Female,9,155600
30-34,2004,Female Maori,4,23900
30-34,2004,Female Non-Maori,5,131700
30-34,2004,Male,33,141810
30-34,2004,Male Maori,15,21030
30-34,2004,Male Non-Maori,18,120780
30-34,2004,Maori,19,44930
30-34,2004,Non-Maori,23,252480
30-34,2004,Total,42,297410
30-34,2005,Female,12,153580
30-34,2005,Female Maori,3,23680
30-34,2005,Female Non-Maori,9,129900
30-34,2005,Male,36,139750
30-34,2005,Male Maori,17,20820
30-34,2005,Male Non-Maori,19,118930
30-34,2005,Maori,20,44500
30-34,2005,Non-Maori,28,248830
30-34,2005,Total,48,293330
30-34,2006,Female,10,149780
30-34,2006,Female Maori,5,23090
30-34,2006,Female Non-Maori,5,126690
30-34,2006,Male,37,136400
30-34,2006,Male Maori,16,20300
30-34,2006,Male Non-Maori,21,116100
30-34,2006,Maori,21,43390
30-34,2006,Non-Maori,26,242790
30-34,2006,Total,47,286180
30-34,2007,Female,5,145760
30-34,2007,Female Maori,2,22600
30-34,2007,Female Non-Maori,3,123160
30-34,2007,Male,45,132840
30-34,2007,Male Maori,14,19740
30-34,2007,Male Non-Maori,31,113100
30-34,2007,Maori,16,42350
30-34,2007,Non-Maori,34,236260
30-34,2007,Total,50,278610
30-34,2008,Female,5,142240
30-34,2008,Female Non-Maori,5,120080
30-34,2008,Male,35,129940
30-34,2008,Male Maori,10,19360
30-34,2008,Male Non-Maori,25,110580
30-34,2008,Maori,10,41520
30-34,2008,Non-Maori,30,230660
30-34,2008,Total,40,272180
30-34,2009,Female,6,140600
30-34,2009,Female Maori,1,21960
30-34,2009,Female Non-Maori,5,118640
30-34,2009,Male,40,128560
30-34,2009,Male Maori,5,19090
30-34,2009,Male Non-Maori,35,109470
30-34,2009,Maori,6,41060
30-34,2009,Non-Maori,40,228100
30-34,2009,Total,46,269160
30-34,2010,Female,12,140060
30-34,2010,Female Maori,2,21780
30-34,2010,Female Non-Maori,10,118280
30-34,2010,Male,30,128070
30-34,2010,Male Maori,6,18850
30-34,2010,Male Non-Maori,24,109220
30-34,2010,Maori,8,40620
30-34,2010,Non-Maori,34,227500
30-34,2010,Total,42,268120
30-34,2011,Female,6,140200
30-34,2011,Female Maori,3,21780
30-34,2011,Female Non-Maori,3,118420
30-34,2011,Male,33,128210
30-34,2011,Male Maori,10,18680
30-34,2011,Male Non-Maori,23,109530
30-34,2011,Maori,13,40460
30-34,2011,Non-Maori,26,227940
30-34,2011,Total,39,268400
30-34,2012,Female,7,140400
30-34,2012,Female Maori,5,21650
30-34,2012,Female Non-Maori,2,118750
30-34,2012,Male,19,128290
30-34,2012,Male Maori,5,18470
30-34,2012,Male Non-Maori,14,109820
30-34,2012,Maori,10,40110
30-34,2012,Non-Maori,16,228580
30-34,2012,Total,26,268690
30-34,2013,Female,12,141840
30-34,2013,Female Maori,4,21640
30-34,2013,Female Non-Maori,8,120200
30-34,2013,Male,24,129980
30-34,2013,Male Maori,7,18180
30-34,2013,Male Non-Maori,17,111800
30-34,2013,Maori,11,39810
30-34,2013,Non-Maori,25,232010
30-34,2013,Total,36,271820
35-39,1996,Female,7,150340
35-39,1996,Female Maori,3,19040
35-39,1996,Female Non-Maori,4,131300
35-39,1996,Male,42,145520
35-39,1996,Male Maori,3,17190
35-39,1996,Male Non-Maori,39,128330
35-39,1996,Maori,6,36230
35-39,1996,Non-Maori,43,259630
35-39,1996,Total,49,295860
35-39,1997,Female,11,155530
35-39,1997,Female Maori,4,20040
35-39,1997,Female Non-Maori,7,135490
35-39,1997,Male,40,149520
35-39,1997,Male Maori,4,18050
35-39,1997,Male Non-Maori,36,131470
35-39,1997,Maori,8,38090
35-39,1997,Non-Maori,43,266970
35-39,1997,Total,51,305060
35-39,1998,Female,10,159490
35-39,1998,Female Non-Maori,10,138370
35-39,1998,Male,46,152180
35-39,1998,Male Maori,8,18940
35-39,1998,Male Non-Maori,38,133240
35-39,1998,Maori,8,40060
35-39,1998,Non-Maori,48,271620
35-39,1998,Total,56,311680
35-39,1999,Female,17,160930
35-39,1999,Female Non-Maori,17,139090
35-39,1999,Male,45,152740
35-39,1999,Male Maori,4,19530
35-39,1999,Male Non-Maori,41,133210
35-39,1999,Maori,4,41370
35-39,1999,Non-Maori,58,272300
35-39,1999,Total,62,313670
35-39,2000,Female,9,160530
35-39,2000,Female Non-Maori,9,138340
35-39,2000,Male,37,151440
35-39,2000,Male Maori,5,19970
35-39,2000,Male Non-Maori,32,131470
35-39,2000,Maori,5,42160
35-39,2000,Non-Maori,41,269810
35-39,2000,Total,46,311970
35-39,2001,Female,8,158450
35-39,2001,Female Maori,1,22170
35-39,2001,Female Non-Maori,7,136280
35-39,2001,Male,46,148990
35-39,2001,Male Maori,4,20170
35-39,2001,Male Non-Maori,42,128820
35-39,2001,Maori,5,42350
35-39,2001,Non-Maori,49,265100
35-39,2001,Total,54,307450
35-39,2002,Female,14,158230
35-39,2002,Female Maori,2,22090
35-39,2002,Female Non-Maori,12,136140
35-39,2002,Male,41,147960
35-39,2002,Male Maori,6,20110
35-39,2002,Male Non-Maori,35,127850
35-39,2002,Maori,8,42190
35-39,2002,Non-Maori,47,264000
35-39,2002,Total,55,306190
35-39,2003,Female,15,158460
35-39,2003,Female Maori,1,21910
35-39,2003,Female Non-Maori,14,136550
35-39,2003,Male,39,147580
35-39,2003,Male Maori,9,19910
35-39,2003,Male Non-Maori,30,127670
35-39,2003,Maori,10,41810
35-39,2003,Non-Maori,44,264230
35-39,2003,Total,54,306040
35-39,2004,Female,10,159490
35-39,2004,Female Maori,3,21940
35-39,2004,Female Non-Maori,7,137550
35-39,2004,Male,44,147530
35-39,2004,Male Maori,7,19930
35-39,2004,Male Non-Maori,37,127600
35-39,2004,Maori,10,41870
35-39,2004,Non-Maori,44,265160
35-39,2004,Total,54,307030
35-39,2005,Female,9,160870
35-39,2005,Female Non-Maori,9,138690
35-39,2005,Male,37,147830
35-39,2005,Male Maori,9,19830
35-39,2005,Male Non-Maori,28,128000
35-39,2005,Maori,9,42010
35-39,2005,Non-Maori,37,266690
35-39,2005,Total,46,308700
35-39,2006,Female,15,163390
35-39,2006,Female Maori,4,22600
35-39,2006,Female Non-Maori,11,140790
35-39,2006,Male,40,149170
35-39,2006,Male Maori,9,19960
35-39,2006,Male Non-Maori,31,129210
35-39,2006,Maori,13,42560
35-39,2006,Non-Maori,42,270000
35-39,2006,Total,55,312560
35-39,2007,Female,14,165110
35-39,2007,Female Maori,3,23030
35-39,2007,Female Non-Maori,11,142080
35-39,2007,Male,42,150190
35-39,2007,Male Maori,9,20160
35-39,2007,Male Non-Maori,33,130030
35-39,2007,Maori,12,43190
35-39,2007,Non-Maori,44,272110
35-39,2007,Total,56,315300
35-39,2008,Female,12,164910
35-39,2008,Female Maori,3,23250
35-39,2008,Female Non-Maori,9,141660
35-39,2008,Male,29,149320
35-39,2008,Male Maori,5,20280
35-39,2008,Male Non-Maori,24,129040
35-39,2008,Maori,8,43540
35-39,2008,Non-Maori,33,270700
35-39,2008,Total,41,314240
35-39,2009,Female,4,163050
35-39,2009,Female Non-Maori,4,139740
35-39,2009,Male,32,147260
35-39,2009,Male Maori,9,20100
35-39,2009,Male Non-Maori,23,127160
35-39,2009,Maori,9,43410
35-39,2009,Non-Maori,27,266910
35-39,2009,Total,36,310320
35-39,2010,Female,9,160180
35-39,2010,Female Maori,1,23230
35-39,2010,Female Non-Maori,8,136950
35-39,2010,Male,36,144380
35-39,2010,Male Maori,5,20020
35-39,2010,Male Non-Maori,31,124360
35-39,2010,Maori,6,43250
35-39,2010,Non-Maori,39,261310
35-39,2010,Total,45,304560
35-39,2011,Female,7,154650
35-39,2011,Female Maori,1,22810
35-39,2011,Female Non-Maori,6,131840
35-39,2011,Male,23,139710
35-39,2011,Male Maori,4,19550
35-39,2011,Male Non-Maori,19,120160
35-39,2011,Maori,5,42370
35-39,2011,Non-Maori,25,251990
35-39,2011,Total,30,294360
35-39,2012,Female,9,149250
35-39,2012,Female Maori,2,22300
35-39,2012,Female Non-Maori,7,126950
35-39,2012,Male,31,134950
35-39,2012,Male Maori,4,18980
35-39,2012,Male Non-Maori,27,115970
35-39,2012,Maori,6,41280
35-39,2012,Non-Maori,34,242920
35-39,2012,Total,40,284200
35-39,2013,Female,12,145000
35-39,2013,Female Maori,3,21700
35-39,2013,Female Non-Maori,9,123300
35-39,2013,Male,28,131550
35-39,2013,Male Maori,9,18560
35-39,2013,Male Non-Maori,19,112990
35-39,2013,Maori,12,40260
35-39,2013,Non-Maori,28,236290
35-39,2013,Total,40,276550
40-44,1996,Female,6,133570
40-44,1996,Female Maori,2,14560
40-44,1996,Female Non-Maori,4,119010
40-44,1996,Male,26,130790
40-44,1996,Male Maori,2,13740
40-44,1996,Male Non-Maori,24,117050
40-44,1996,Maori,4,28300
40-44,1996,Non-Maori,28,236060
40-44,1996,Total,32,264360
40-44,1997,Female,13,137550
40-44,1997,Female Maori,4,15400
40-44,1997,Female Non-Maori,9,122150
40-44,1997,Male,38,134150
40-44,1997,Male Maori,2,14310
40-44,1997,Male Non-Maori,36,119840
40-44,1997,Maori,6,29710
40-44,1997,Non-Maori,45,241990
40-44,1997,Total,51,271700
40-44,1998,Female,20,141110
40-44,1998,Female Maori,2,16220
40-44,1998,Female Non-Maori,18,124890
40-44,1998,Male,36,137100
40-44,1998,Male Maori,3,14930
40-44,1998,Male Non-Maori,33,122170
40-44,1998,Maori,5,31150
40-44,1998,Non-Maori,51,247050
40-44,1998,Total,56,278200
40-44,1999,Female,18,144720
40-44,1999,Female Maori,2,17180
40-44,1999,Female Non-Maori,16,127540
40-44,1999,Male,29,139870
40-44,1999,Male Maori,5,15800
40-44,1999,Male Non-Maori,24,124070
40-44,1999,Maori,7,32980
40-44,1999,Non-Maori,40,251610
40-44,1999,Total,47,284590
40-44,2000,Female,4,148150
40-44,2000,Female Non-Maori,4,130000
40-44,2000,Male,27,142610
40-44,2000,Male Maori,3,16670
40-44,2000,Male Non-Maori,24,125940
40-44,2000,Maori,3,34810
40-44,2000,Non-Maori,28,255950
40-44,2000,Total,31,290760
40-44,2001,Female,9,152090
40-44,2001,Female Maori,1,19180
40-44,2001,Female Non-Maori,8,132910
40-44,2001,Male,46,145200
40-44,2001,Male Maori,5,17400
40-44,2001,Male Non-Maori,41,127800
40-44,2001,Maori,6,36590
40-44,2001,Non-Maori,49,260690
40-44,2001,Total,55,297280
40-44,2002,Female,8,157370
40-44,2002,Female Maori,1,20150
40-44,2002,Female Non-Maori,7,137220
40-44,2002,Male,39,149420
40-44,2002,Male Maori,4,18230
40-44,2002,Male Non-Maori,35,131190
40-44,2002,Maori,5,38380
40-44,2002,Non-Maori,42,268410
40-44,2002,Total,47,306790
40-44,2003,Female,5,162800
40-44,2003,Female Maori,2,21110
40-44,2003,Female Non-Maori,3,141690
40-44,2003,Male,40,153870
40-44,2003,Male Maori,7,18980
40-44,2003,Male Non-Maori,33,134890
40-44,2003,Maori,9,40090
40-44,2003,Non-Maori,36,276580
40-44,2003,Total,45,316670
40-44,2004,Female,8,166080
40-44,2004,Female Maori,2,21570
40-44,2004,Female Non-Maori,6,144510
40-44,2004,Male,35,156330
40-44,2004,Male Maori,10,19280
40-44,2004,Male Non-Maori,25,137050
40-44,2004,Maori,12,40850
40-44,2004,Non-Maori,31,281560
40-44,2004,Total,43,322410
40-44,2005,Female,16,167090
40-44,2005,Female Maori,2,21620
40-44,2005,Female Non-Maori,14,145470
40-44,2005,Male,33,156770
40-44,2005,Male Maori,6,19350
40-44,2005,Male Non-Maori,27,137420
40-44,2005,Maori,8,40970
40-44,2005,Non-Maori,41,282890
40-44,2005,Total,49,323860
40-44,2006,Female,8,166590
40-44,2006,Female Non-Maori,8,145210
40-44,2006,Male,34,156000
40-44,2006,Male Maori,7,19220
40-44,2006,Male Non-Maori,27,136780
40-44,2006,Maori,7,40590
40-44,2006,Non-Maori,35,281990
40-44,2006,Total,42,322580
40-44,2007,Female,13,165190
40-44,2007,Female Maori,1,21220
40-44,2007,Female Non-Maori,12,143970
40-44,2007,Male,35,154100
40-44,2007,Male Maori,5,19150
40-44,2007,Male Non-Maori,30,134950
40-44,2007,Maori,6,40370
40-44,2007,Non-Maori,42,278920
40-44,2007,Total,48,319290
40-44,2008,Female,9,163320
40-44,2008,Female Maori,2,21120
40-44,2008,Female Non-Maori,7,142200
40-44,2008,Male,34,151910
40-44,2008,Male Maori,7,18990
40-44,2008,Male Non-Maori,27,132920
40-44,2008,Maori,9,40120
40-44,2008,Non-Maori,34,275100
40-44,2008,Total,43,315220
40-44,2009,Female,10,163140
40-44,2009,Female Maori,2,21320
40-44,2009,Female Non-Maori,8,141820
40-44,2009,Male,31,150840
40-44,2009,Male Maori,3,19140
40-44,2009,Male Non-Maori,28,131700
40-44,2009,Maori,5,40450
40-44,2009,Non-Maori,36,273530
40-44,2009,Total,41,313980
40-44,2010,Female,9,164090
40-44,2010,Female Maori,2,21710
40-44,2010,Female Non-Maori,7,142380
40-44,2010,Male,38,150570
40-44,2010,Male Maori,9,19210
40-44,2010,Male Non-Maori,29,131360
40-44,2010,Maori,11,40920
40-44,2010,Non-Maori,36,273750
40-44,2010,Total,47,314670
40-44,2011,Female,4,165880
40-44,2011,Female Maori,1,22270
40-44,2011,Female Non-Maori,3,143610
40-44,2011,Male,31,150760
40-44,2011,Male Maori,7,19580
40-44,2011,Male Non-Maori,24,131180
40-44,2011,Maori,8,41850
40-44,2011,Non-Maori,27,274790
40-44,2011,Total,35,316640
40-44,2012,Female,6,166750
40-44,2012,Female Non-Maori,6,143990
40-44,2012,Male,45,150920
40-44,2012,Male Maori,9,19800
40-44,2012,Male Non-Maori,36,131120
40-44,2012,Maori,9,42560
40-44,2012,Non-Maori,42,275110
40-44,2012,Total,51,317670
40-44,2013,Female,8,166460
40-44,2013,Female Maori,1,23020
40-44,2013,Female Non-Maori,7,143440
40-44,2013,Male,29,150120
40-44,2013,Male Maori,6,19880
40-44,2013,Male Non-Maori,23,130240
40-44,2013,Maori,7,42900
40-44,2013,Non-Maori,30,273670
40-44,2013,Total,37,316570
45-49,1996,Female,11,124250
45-49,1996,Female Maori,1,11350
45-49,1996,Female Non-Maori,10,112900
45-49,1996,Male,26,124710
45-49,1996,Male Maori,1,11030
45-49,1996,Male Non-Maori,25,113680
45-49,1996,Maori,2,22380
45-49,1996,Non-Maori,35,226580
45-49,1996,Total,37,248960
45-49,1997,Female,9,125480
45-49,1997,Female Non-Maori,9,113570
45-49,1997,Male,22,125610
45-49,1997,Male Maori,2,11610
45-49,1997,Male Non-Maori,20,114000
45-49,1997,Maori,2,23520
45-49,1997,Non-Maori,29,227570
45-49,1997,Total,31,251090
45-49,1998,Female,10,126510
45-49,1998,Female Maori,1,12530
45-49,1998,Female Non-Maori,9,113980
45-49,1998,Male,32,125940
45-49,1998,Male Maori,5,12110
45-49,1998,Male Non-Maori,27,113830
45-49,1998,Maori,6,24630
45-49,1998,Non-Maori,36,227810
45-49,1998,Total,42,252440
45-49,1999,Female,8,128220
45-49,1999,Female Non-Maori,8,115090
45-49,1999,Male,24,126520
45-49,1999,Male Non-Maori,24,113930
45-49,1999,Non-Maori,32,229020
45-49,1999,Total,32,254740
45-49,2000,Female,7,130190
45-49,2000,Female Non-Maori,7,116430
45-49,2000,Male,21,127430
45-49,2000,Male Maori,3,13070
45-49,2000,Male Non-Maori,18,114360
45-49,2000,Maori,3,26830
45-49,2000,Non-Maori,25,230790
45-49,2000,Total,28,257620
45-49,2001,Female,7,132890
45-49,2001,Female Non-Maori,7,118370
45-49,2001,Male,17,129190
45-49,2001,Male Maori,2,13650
45-49,2001,Male Non-Maori,15,115540
45-49,2001,Maori,2,28170
45-49,2001,Non-Maori,22,233920
45-49,2001,Total,24,262090
45-49,2002,Female,7,136880
45-49,2002,Female Non-Maori,7,121550
45-49,2002,Male,26,132710
45-49,2002,Male Maori,2,14230
45-49,2002,Male Non-Maori,24,118480
45-49,2002,Maori,2,29560
45-49,2002,Non-Maori,31,240030
45-49,2002,Total,33,269590
45-49,2003,Female,7,141530
45-49,2003,Female Non-Maori,7,125450
45-49,2003,Male,29,136970
45-49,2003,Male Maori,2,14800
45-49,2003,Male Non-Maori,27,122170
45-49,2003,Maori,2,30880
45-49,2003,Non-Maori,34,247620
45-49,2003,Total,36,278500
45-49,2004,Female,9,146440
45-49,2004,Female Maori,1,16930
45-49,2004,Female Non-Maori,8,129510
45-49,2004,Male,32,141320
45-49,2004,Male Maori,2,15540
45-49,2004,Male Non-Maori,30,125780
45-49,2004,Maori,3,32470
45-49,2004,Non-Maori,38,255290
45-49,2004,Total,41,287760
45-49,2005,Female,5,150980
45-49,2005,Female Non-Maori,5,133210
45-49,2005,Male,28,145360
45-49,2005,Male Maori,2,16200
45-49,2005,Male Non-Maori,26,129160
45-49,2005,Maori,2,33970
45-49,2005,Non-Maori,31,262370
45-49,2005,Total,33,296340
45-49,2006,Female,5,156020
45-49,2006,Female Non-Maori,5,137380
45-49,2006,Male,28,149100
45-49,2006,Male Maori,3,16750
45-49,2006,Male Non-Maori,25,132350
45-49,2006,Maori,3,35390
45-49,2006,Non-Maori,30,269730
45-49,2006,Total,33,305120
45-49,2007,Female,7,160580
45-49,2007,Female Non-Maori,7,141050
45-49,2007,Male,32,152410
45-49,2007,Male Maori,5,17330
45-49,2007,Male Non-Maori,27,135080
45-49,2007,Maori,5,36860
45-49,2007,Non-Maori,34,276130
45-49,2007,Total,39,312990
45-49,2008,Female,8,164730
45-49,2008,Female Maori,1,20430
45-49,2008,Female Non-Maori,7,144300
45-49,2008,Male,39,155300
45-49,2008,Male Maori,2,18020
45-49,2008,Male Non-Maori,37,137280
45-49,2008,Maori,3,38450
45-49,2008,Non-Maori,44,281580
45-49,2008,Total,47,320030
45-49,2009,Female,12,166890
45-49,2009,Female Maori,2,20850
45-49,2009,Female Non-Maori,10,146040
45-49,2009,Male,34,156740
45-49,2009,Male Maori,2,18390
45-49,2009,Male Non-Maori,32,138350
45-49,2009,Maori,4,39240
45-49,2009,Non-Maori,42,284400
45-49,2009,Total,46,323640
45-49,2010,Female,10,167360
45-49,2010,Female Non-Maori,10,146340
45-49,2010,Male,37,156600
45-49,2010,Male Maori,6,18660
45-49,2010,Male Non-Maori,31,137940
45-49,2010,Maori,6,39690
45-49,2010,Non-Maori,41,284270
45-49,2010,Total,47,323960
45-49,2011,Female,6,165820
45-49,2011,Female Maori,1,20930
45-49,2011,Female Non-Maori,5,144890
45-49,2011,Male,38,154880
45-49,2011,Male Maori,6,18750
45-49,2011,Male Non-Maori,32,136130
45-49,2011,Maori,7,39670
45-49,2011,Non-Maori,37,281030
45-49,2011,Total,44,320700
45-49,2012,Female,7,163730
45-49,2012,Female Non-Maori,7,142830
45-49,2012,Male,35,152180
45-49,2012,Male Maori,5,18750
45-49,2012,Male Non-Maori,30,133430
45-49,2012,Maori,5,39650
45-49,2012,Non-Maori,37,276260
45-49,2012,Total,42,315910
45-49,2013,Female,8,161920
45-49,2013,Female Maori,1,20890
45-49,2013,Female Non-Maori,7,141030
45-49,2013,Male,44,150200
45-49,2013,Male Maori,3,18660
45-49,2013,Male Non-Maori,41,131540
45-49,2013,Maori,4,39550
45-49,2013,Non-Maori,48,272570
45-49,2013,Total,52,312120
50-54,1996,Female,6,96600
50-54,1996,Female Maori,2,8300
50-54,1996,Female Non-Maori,4,88300
50-54,1996,Male,19,97090
50-54,1996,Male Maori,3,8010
50-54,1996,Male Non-Maori,16,89080
50-54,1996,Maori,5,16310
50-54,1996,Non-Maori,20,177380
50-54,1996,Total,25,193690
50-54,1997,Female,8,102260
50-54,1997,Female Non-Maori,8,93550
50-54,1997,Male,20,102690
50-54,1997,Male Maori,1,8390
50-54,1997,Male Non-Maori,19,94300
50-54,1997,Maori,1,17100
50-54,1997,Non-Maori,27,187850
50-54,1997,Total,28,204950
50-54,1998,Female,6,109380
50-54,1998,Female Maori,1,9220
50-54,1998,Female Non-Maori,5,100160
50-54,1998,Male,17,109540
50-54,1998,Male Maori,2,8890
50-54,1998,Male Non-Maori,15,100650
50-54,1998,Maori,3,18110
50-54,1998,Non-Maori,20,200810
50-54,1998,Total,23,218920
50-54,1999,Female,7,115050
50-54,1999,Female Non-Maori,7,105240
50-54,1999,Male,26,114880
50-54,1999,Male Maori,1,9380
50-54,1999,Male Non-Maori,25,105500
50-54,1999,Maori,1,19200
50-54,1999,Non-Maori,32,210730
50-54,1999,Total,33,229930
50-54,2000,Female,6,119720
50-54,2000,Female Maori,2,10470
50-54,2000,Female Non-Maori,4,109250
50-54,2000,Male,21,119070
50-54,2000,Male Maori,2,9970
50-54,2000,Male Non-Maori,19,109100
50-54,2000,Maori,4,20440
50-54,2000,Non-Maori,23,218350
50-54,2000,Total,27,238790
50-54,2001,Female,6,122950
50-54,2001,Female Non-Maori,6,111860
50-54,2001,Male,14,121830
50-54,2001,Male Non-Maori,14,111190
50-54,2001,Non-Maori,20,223050
50-54,2001,Total,20,244780
50-54,2002,Female,6,123800
50-54,2002,Female Maori,1,11660
50-54,2002,Female Non-Maori,5,112140
50-54,2002,Male,24,122500
50-54,2002,Male Maori,3,11230
50-54,2002,Male Non-Maori,21,111270
50-54,2002,Maori,4,22890
50-54,2002,Non-Maori,26,223410
50-54,2002,Total,30,246300
50-54,2003,Female,12,125170
50-54,2003,Female Non-Maori,12,112920
50-54,2003,Male,23,123310
50-54,2003,Male Maori,1,11690
50-54,2003,Male Non-Maori,22,111620
50-54,2003,Maori,1,23940
50-54,2003,Non-Maori,34,224540
50-54,2003,Total,35,248480
50-54,2004,Female,5,127470
50-54,2004,Female Non-Maori,5,114650
50-54,2004,Male,18,124790
50-54,2004,Male Maori,1,12100
50-54,2004,Male Non-Maori,17,112690
50-54,2004,Maori,1,24910
50-54,2004,Non-Maori,22,227340
50-54,2004,Total,23,252250
50-54,2005,Female,8,130200
50-54,2005,Female Maori,1,13330
50-54,2005,Female Non-Maori,7,116870
50-54,2005,Male,26,126860
50-54,2005,Male Maori,3,12480
50-54,2005,Male Non-Maori,23,114380
50-54,2005,Maori,4,25810
50-54,2005,Non-Maori,30,231250
50-54,2005,Total,34,257060
50-54,2006,Female,9,133730
50-54,2006,Female Non-Maori,9,119800
50-54,2006,Male,31,129930
50-54,2006,Male Maori,2,12960
50-54,2006,Male Non-Maori,29,116970
50-54,2006,Maori,2,26890
50-54,2006,Non-Maori,38,236780
50-54,2006,Total,40,263670
50-54,2007,Female,7,137540
50-54,2007,Female Non-Maori,7,122810
50-54,2007,Male,30,133030
50-54,2007,Male Maori,2,13510
50-54,2007,Male Non-Maori,28,119520
50-54,2007,Maori,2,28240
50-54,2007,Non-Maori,35,242330
50-54,2007,Total,37,270570
50-54,2008,Female,8,141230
50-54,2008,Female Non-Maori,8,125720
50-54,2008,Male,33,135960
50-54,2008,Male Maori,4,14030
50-54,2008,Male Non-Maori,29,121930
50-54,2008,Maori,4,29540
50-54,2008,Non-Maori,37,247650
50-54,2008,Total,41,277190
50-54,2009,Female,3,145250
50-54,2009,Female Maori,1,16380
50-54,2009,Female Non-Maori,2,128870
50-54,2009,Male,35,139360
50-54,2009,Male Maori,2,14760
50-54,2009,Male Non-Maori,33,124600
50-54,2009,Maori,3,31140
50-54,2009,Non-Maori,35,253480
50-54,2009,Total,38,284620
50-54,2010,Female,6,149570
50-54,2010,Female Non-Maori,6,132310
50-54,2010,Male,30,142850
50-54,2010,Male Maori,3,15450
50-54,2010,Male Non-Maori,27,127400
50-54,2010,Maori,3,32720
50-54,2010,Non-Maori,33,259700
50-54,2010,Total,36,292420
50-54,2011,Female,6,153910
50-54,2011,Female Maori,1,18190
50-54,2011,Female Non-Maori,5,135720
50-54,2011,Male,25,145850
50-54,2011,Male Maori,4,16120
50-54,2011,Male Non-Maori,21,129730
50-54,2011,Maori,5,34310
50-54,2011,Non-Maori,26,265450
50-54,2011,Total,31,299760
50-54,2012,Female,10,157920
50-54,2012,Female Maori,1,19080
50-54,2012,Female Non-Maori,9,138840
50-54,2012,Male,29,148650
50-54,2012,Male Maori,1,16820
50-54,2012,Male Non-Maori,28,131830
50-54,2012,Maori,2,35900
50-54,2012,Non-Maori,37,270680
50-54,2012,Total,39,306580
50-54,2013,Female,19,161840
50-54,2013,Female Maori,2,19980
50-54,2013,Female Non-Maori,17,141860
50-54,2013,Male,27,151460
50-54,2013,Male Maori,1,17530
50-54,2013,Male Non-Maori,26,133930
50-54,2013,Maori,3,37510
50-54,2013,Non-Maori,43,275790
50-54,2013,Total,46,313300
55-59,1996,Female,3,82800
55-59,1996,Female Non-Maori,3,75660
55-59,1996,Male,21,81910
55-59,1996,Male Maori,1,6930
55-59,1996,Male Non-Maori,20,74980
55-59,1996,Maori,1,14070
55-59,1996,Non-Maori,23,150640
55-59,1996,Total,24,164710
55-59,1997,Female,8,86490
55-59,1997,Female Non-Maori,8,79200
55-59,1997,Male,16,85740
55-59,1997,Male Maori,1,7080
55-59,1997,Male Non-Maori,15,78660
55-59,1997,Maori,1,14370
55-59,1997,Non-Maori,23,157860
55-59,1997,Total,24,172230
55-59,1998,Female,4,88700
55-59,1998,Female Non-Maori,4,81280
55-59,1998,Male,24,87700
55-59,1998,Male Maori,2,7190
55-59,1998,Male Non-Maori,22,80510
55-59,1998,Maori,2,14600
55-59,1998,Non-Maori,26,161800
55-59,1998,Total,28,176400
55-59,1999,Female,4,90970
55-59,1999,Female Non-Maori,4,83400
55-59,1999,Male,19,90270
55-59,1999,Male Non-Maori,19,82940
55-59,1999,Non-Maori,23,166340
55-59,1999,Total,23,181240
55-59,2000,Female,5,93280
55-59,2000,Female Non-Maori,5,85570
55-59,2000,Male,19,92200
55-59,2000,Male Maori,3,7340
55-59,2000,Male Non-Maori,16,84860
55-59,2000,Maori,3,15050
55-59,2000,Non-Maori,21,170420
55-59,2000,Total,24,185470
55-59,2001,Female,3,95660
55-59,2001,Female Non-Maori,3,87750
55-59,2001,Male,18,94390
55-59,2001,Male Maori,2,7460
55-59,2001,Male Non-Maori,16,86930
55-59,2001,Maori,2,15370
55-59,2001,Non-Maori,19,174680
55-59,2001,Total,21,190050
55-59,2002,Female,2,101280
55-59,2002,Female Non-Maori,2,92930
55-59,2002,Male,24,99880
55-59,2002,Male Maori,1,7850
55-59,2002,Male Non-Maori,23,92030
55-59,2002,Maori,1,16210
55-59,2002,Non-Maori,25,184950
55-59,2002,Total,26,201160
55-59,2003,Female,4,108430
55-59,2003,Female Non-Maori,4,99520
55-59,2003,Male,18,106810
55-59,2003,Male Non-Maori,18,98410
55-59,2003,Non-Maori,22,197940
55-59,2003,Total,22,215250
55-59,2004,Female,8,114170
55-59,2004,Female Maori,1,9480
55-59,2004,Female Non-Maori,7,104690
55-59,2004,Male,22,112300
55-59,2004,Male Maori,2,8920
55-59,2004,Male Non-Maori,20,103380
55-59,2004,Maori,3,18400
55-59,2004,Non-Maori,27,208070
55-59,2004,Total,30,226470
55-59,2005,Female,11,119120
55-59,2005,Female Maori,1,10190
55-59,2005,Female Non-Maori,10,108930
55-59,2005,Male,30,116790
55-59,2005,Male Non-Maori,30,107290
55-59,2005,Maori,1,19690
55-59,2005,Non-Maori,40,216220
55-59,2005,Total,41,235910
55-59,2006,Female,8,122680
55-59,2006,Female Maori,1,10840
55-59,2006,Female Non-Maori,7,111840
55-59,2006,Male,33,119830
55-59,2006,Male Maori,2,10020
55-59,2006,Male Non-Maori,31,109810
55-59,2006,Maori,3,20850
55-59,2006,Non-Maori,38,221660
55-59,2006,Total,41,242510
55-59,2007,Female,9,123260
55-59,2007,Female Non-Maori,9,111980
55-59,2007,Male,21,120370
55-59,2007,Male Maori,1,10470
55-59,2007,Male Non-Maori,20,109900
55-59,2007,Maori,1,21750
55-59,2007,Non-Maori,29,221880
55-59,2007,Total,30,243630
55-59,2008,Female,6,124160
55-59,2008,Female Maori,1,11790
55-59,2008,Female Non-Maori,5,112370
55-59,2008,Male,28,120800
55-59,2008,Male Non-Maori,28,109920
55-59,2008,Maori,1,22670
55-59,2008,Non-Maori,33,222290
55-59,2008,Total,34,244960
55-59,2009,Female,10,126240
55-59,2009,Female Maori,1,12380
55-59,2009,Female Non-Maori,9,113860
55-59,2009,Male,28,122070
55-59,2009,Male Maori,1,11290
55-59,2009,Male Non-Maori,27,110780
55-59,2009,Maori,2,23670
55-59,2009,Non-Maori,36,224640
55-59,2009,Total,38,248310
55-59,2010,Female,6,128910
55-59,2010,Female Non-Maori,6,115970
55-59,2010,Male,23,124020
55-59,2010,Male Maori,1,11740
55-59,2010,Male Non-Maori,22,112280
55-59,2010,Maori,1,24690
55-59,2010,Non-Maori,28,228240
55-59,2010,Total,29,252930
55-59,2011,Female,5,132330
55-59,2011,Female Non-Maori,5,118650
55-59,2011,Male,26,126620
55-59,2011,Male Maori,2,12300
55-59,2011,Male Non-Maori,24,114320
55-59,2011,Maori,2,25980
55-59,2011,Non-Maori,29,232960
55-59,2011,Total,31,258940
55-59,2012,Female,7,136110
55-59,2012,Female Non-Maori,7,121580
55-59,2012,Male,19,129440
55-59,2012,Male Maori,2,12920
55-59,2012,Male Non-Maori,17,116520
55-59,2012,Maori,2,27440
55-59,2012,Non-Maori,24,238110
55-59,2012,Total,26,265550
55-59,2013,Female,5,139630
55-59,2013,Female Non-Maori,5,124410
55-59,2013,Male,29,132360
55-59,2013,Male Maori,1,13450
55-59,2013,Male Non-Maori,28,118910
55-59,2013,Maori,1,28670
55-59,2013,Non-Maori,33,243320
55-59,2013,Total,34,271990
60-64,1996,Female,2,69250
60-64,1996,Female Non-Maori,2,63970
60-64,1996,Male,13,68470
60-64,1996,Male Maori,1,5080
60-64,1996,Male Non-Maori,12,63390
60-64,1996,Maori,1,10360
60-64,1996,Non-Maori,14,127360
60-64,1996,Total,15,137720
60-64,1997,Female,2,70240
60-64,1997,Female Non-Maori,2,64730
60-64,1997,Male,16,68710
60-64,1997,Male Maori,2,5260
60-64,1997,Male Non-Maori,14,63450
60-64,1997,Maori,2,10770
60-64,1997,Non-Maori,16,128180
60-64,1997,Total,18,138950
60-64,1998,Female,3,71750
60-64,1998,Female Non-Maori,3,66050
60-64,1998,Male,18,70060
60-64,1998,Male Maori,1,5420
60-64,1998,Male Non-Maori,17,64640
60-64,1998,Maori,1,11120
60-64,1998,Non-Maori,20,130690
60-64,1998,Total,21,141810
60-64,1999,Female,2,74290
60-64,1999,Female Non-Maori,2,68310
60-64,1999,Male,15,71960
60-64,1999,Male Non-Maori,15,66380
60-64,1999,Non-Maori,17,134700
60-64,1999,Total,17,146250
60-64,2000,Female,4,77790
60-64,2000,Female Non-Maori,4,71470
60-64,2000,Male,9,75100
60-64,2000,Male Non-Maori,9,69200
60-64,2000,Non-Maori,13,140680
60-64,2000,Total,13,152900
60-64,2001,Female,6,81870
60-64,2001,Female Non-Maori,6,75300
60-64,2001,Male,15,79280
60-64,2001,Male Maori,2,6170
60-64,2001,Male Non-Maori,13,73110
60-64,2001,Maori,2,12740
60-64,2001,Non-Maori,19,148410
60-64,2001,Total,21,161150
60-64,2002,Female,5,85530
60-64,2002,Female Non-Maori,5,78800
60-64,2002,Male,13,82960
60-64,2002,Male Non-Maori,13,76610
60-64,2002,Non-Maori,18,155410
60-64,2002,Total,18,168490
60-64,2003,Female,2,87520
60-64,2003,Female Maori,1,6860
60-64,2003,Female Non-Maori,1,80660
60-64,2003,Male,15,84900
60-64,2003,Male Non-Maori,15,78400
60-64,2003,Maori,1,13360
60-64,2003,Non-Maori,16,159060
60-64,2003,Total,17,172420
60-64,2004,Female,4,89870
60-64,2004,Female Non-Maori,4,82820
60-64,2004,Male,16,87600
60-64,2004,Male Maori,1,6650
60-64,2004,Male Non-Maori,15,80950
60-64,2004,Maori,1,13700
60-64,2004,Non-Maori,19,163770
60-64,2004,Total,20,177470
60-64,2005,Female,1,92360
60-64,2005,Female Non-Maori,1,85160
60-64,2005,Male,11,89830
60-64,2005,Male Non-Maori,11,83160
60-64,2005,Non-Maori,12,168320
60-64,2005,Total,12,182190
60-64,2006,Female,1,95070
60-64,2006,Female Non-Maori,1,87670
60-64,2006,Male,13,92270
60-64,2006,Male Maori,2,6810
60-64,2006,Male Non-Maori,11,85460
60-64,2006,Maori,2,14210
60-64,2006,Non-Maori,12,173140
60-64,2006,Total,14,187350
60-64,2007,Female,6,100560
60-64,2007,Female Maori,1,7880
60-64,2007,Female Non-Maori,5,92680
60-64,2007,Male,10,97450
60-64,2007,Male Maori,1,7190
60-64,2007,Male Non-Maori,9,90260
60-64,2007,Maori,2,15070
60-64,2007,Non-Maori,14,182940
60-64,2007,Total,16,198010
60-64,2008,Female,3,107420
60-64,2008,Female Non-Maori,3,99000
60-64,2008,Male,17,104020
60-64,2008,Male Maori,2,7720
60-64,2008,Male Non-Maori,15,96300
60-64,2008,Maori,2,16150
60-64,2008,Non-Maori,18,195290
60-64,2008,Total,20,211440
60-64,2009,Female,5,112860
60-64,2009,Female Non-Maori,5,103860
60-64,2009,Male,15,109250
60-64,2009,Male Maori,2,8220
60-64,2009,Male Non-Maori,13,101030
60-64,2009,Maori,2,17220
60-64,2009,Non-Maori,18,204890
60-64,2009,Total,20,222110
60-64,2010,Female,6,117560
60-64,2010,Female Maori,1,9710
60-64,2010,Female Non-Maori,5,107850
60-64,2010,Male,20,113710
60-64,2010,Male Maori,1,8770
60-64,2010,Male Non-Maori,19,104940
60-64,2010,Maori,2,18480
60-64,2010,Non-Maori,24,212790
60-64,2010,Total,26,231270
60-64,2011,Female,3,121030
60-64,2011,Female Non-Maori,3,110660
60-64,2011,Male,20,116910
60-64,2011,Male Non-Maori,20,107580
60-64,2011,Non-Maori,23,218250
60-64,2011,Total,23,237940
60-64,2012,Female,2,121930
60-64,2012,Female Non-Maori,2,111080
60-64,2012,Male,13,117460
60-64,2012,Male Maori,1,9790
60-64,2012,Male Non-Maori,12,107670
60-64,2012,Maori,1,20640
60-64,2012,Non-Maori,14,218750
60-64,2012,Total,15,239390
60-64,2013,Female,4,123320
60-64,2013,Female Non-Maori,4,111880
60-64,2013,Male,17,118070
60-64,2013,Male Non-Maori,17,107840
60-64,2013,Non-Maori,21,219720
60-64,2013,Total,21,241390
65-69,1996,Female,2,68780
65-69,1996,Female Non-Maori,2,65090
65-69,1996,Male,19,66270
65-69,1996,Male Maori,1,3340
65-69,1996,Male Non-Maori,18,62930
65-69,1996,Maori,1,7030
65-69,1996,Non-Maori,20,128010
65-69,1996,Total,21,135040
65-69,1997,Female,1,68370
65-69,1997,Female Non-Maori,1,64490
65-69,1997,Male,11,65890
65-69,1997,Male Non-Maori,11,62380
65-69,1997,Non-Maori,12,126870
65-69,1997,Total,12,134260
65-69,1998,Female,2,68010
65-69,1998,Female Non-Maori,2,63890
65-69,1998,Male,14,65150
65-69,1998,Male Non-Maori,14,61470
65-69,1998,Non-Maori,16,125360
65-69,1998,Total,16,133160
65-69,1999,Female,5,67530
65-69,1999,Female Non-Maori,5,63240
65-69,1999,Male,4,64680
65-69,1999,Male Non-Maori,4,60820
65-69,1999,Non-Maori,9,124050
65-69,1999,Total,9,132200
65-69,2000,Female,2,66990
65-69,2000,Female Non-Maori,2,62570
65-69,2000,Male,11,64230
65-69,2000,Male Non-Maori,11,60190
65-69,2000,Non-Maori,13,122760
65-69,2000,Total,13,131220
65-69,2001,Female,3,67140
65-69,2001,Female Non-Maori,3,62520
65-69,2001,Male,14,63930
65-69,2001,Male Maori,2,4250
65-69,2001,Male Non-Maori,12,59680
65-69,2001,Maori,2,8860
65-69,2001,Non-Maori,15,122200
65-69,2001,Total,17,131060
65-69,2002,Female,2,68260
65-69,2002,Female Non-Maori,2,63410
65-69,2002,Male,10,64610
65-69,2002,Male Non-Maori,10,60180
65-69,2002,Non-Maori,12,123590
65-69,2002,Total,12,132870
65-69,2003,Female,4,69740
65-69,2003,Female Non-Maori,4,64710
65-69,2003,Male,7,66180
65-69,2003,Male Non-Maori,7,61580
65-69,2003,Non-Maori,11,126290
65-69,2003,Total,11,135920
65-69,2004,Female,1,72160
65-69,2004,Female Non-Maori,1,66880
65-69,2004,Male,9,68140
65-69,2004,Male Maori,1,4810
65-69,2004,Male Non-Maori,8,63330
65-69,2004,Maori,1,10090
65-69,2004,Non-Maori,9,130210
65-69,2004,Total,10,140300
65-69,2005,Female,4,75710
65-69,2005,Female Non-Maori,4,70080
65-69,2005,Male,13,71380
65-69,2005,Male Maori,1,5140
65-69,2005,Male Non-Maori,12,66240
65-69,2005,Maori,1,10770
65-69,2005,Non-Maori,16,136330
65-69,2005,Total,17,147100
65-69,2006,Female,3,79960
65-69,2006,Female Non-Maori,3,74060
65-69,2006,Male,8,75620
65-69,2006,Male Non-Maori,8,70210
65-69,2006,Non-Maori,11,144260
65-69,2006,Total,11,155580
65-69,2007,Male,11,79180
65-69,2007,Male Maori,1,5570
65-69,2007,Male Non-Maori,10,73610
65-69,2007,Maori,1,11630
65-69,2007,Non-Maori,10,151000
65-69,2007,Total,11,162630
65-69,2008,Female,4,85190
65-69,2008,Female Non-Maori,4,79000
65-69,2008,Male,9,80890
65-69,2008,Male Non-Maori,9,75210
65-69,2008,Non-Maori,13,154210
65-69,2008,Total,13,166080
65-69,2009,Female,3,87460
65-69,2009,Female Non-Maori,3,81080
65-69,2009,Male,5,83500
65-69,2009,Male Non-Maori,5,77690
65-69,2009,Non-Maori,8,158780
65-69,2009,Total,8,170960
65-69,2010,Female,3,89930
65-69,2010,Female Non-Maori,3,83320
65-69,2010,Male,10,85760
65-69,2010,Male Non-Maori,10,79890
65-69,2010,Non-Maori,13,163220
65-69,2010,Total,13,175700
65-69,2011,Female,4,92590
65-69,2011,Female Non-Maori,4,85740
65-69,2011,Male,6,88360
65-69,2011,Male Non-Maori,6,82240
65-69,2011,Non-Maori,10,167980
65-69,2011,Total,10,180950
65-69,2012,Female,1,98030
65-69,2012,Female Non-Maori,1,90700
65-69,2012,Male,8,93630
65-69,2012,Male Non-Maori,8,87100
65-69,2012,Non-Maori,9,177790
65-69,2012,Total,9,191650
65-69,2013,Male,8,100360
65-69,2013,Male Non-Maori,8,93270
65-69,2013,Non-Maori,8,190400
65-69,2013,Total,8,205390
70-74,1996,Female,6,62790
70-74,1996,Female Non-Maori,6,60450
70-74,1996,Male,16,52800
70-74,1996,Male Non-Maori,16,50920
70-74,1996,Non-Maori,22,111370
70-74,1996,Total,22,115590
70-74,1997,Female,2,62620
70-74,1997,Female Non-Maori,2,60150
70-74,1997,Male,15,53950
70-74,1997,Male Non-Maori,15,51930
70-74,1997,Non-Maori,17,112080
70-74,1997,Total,17,116570
70-74,1998,Female,8,62810
70-74,1998,Female Non-Maori,8,60220
70-74,1998,Male,14,55160
70-74,1998,Male Maori,2,2180
70-74,1998,Male Non-Maori,12,52980
70-74,1998,Maori,2,4760
70-74,1998,Non-Maori,20,113220
70-74,1998,Total,22,117980
70-74,1999,Female,4,62900
70-74,1999,Female Non-Maori,4,60190
70-74,1999,Male,15,56060
70-74,1999,Male Non-Maori,15,53750
70-74,1999,Non-Maori,19,113940
70-74,1999,Total,19,118960
70-74,2000,Male,12,56770
70-74,2000,Male Non-Maori,12,54330
70-74,2000,Non-Maori,12,114360
70-74,2000,Total,12,119700
70-74,2001,Female,3,63310
70-74,2001,Female Non-Maori,3,60270
70-74,2001,Male,10,57430
70-74,2001,Male Non-Maori,10,54880
70-74,2001,Non-Maori,13,115150
70-74,2001,Total,13,120740
70-74,2002,Female,4,63230
70-74,2002,Female Non-Maori,4,60040
70-74,2002,Male,8,57580
70-74,2002,Male Non-Maori,8,54880
70-74,2002,Non-Maori,12,114910
70-74,2002,Total,12,120800
70-74,2003,Female,5,63160
70-74,2003,Female Non-Maori,5,59750
70-74,2003,Male,11,57340
70-74,2003,Male Non-Maori,11,54470
70-74,2003,Non-Maori,16,114230
70-74,2003,Total,16,120510
70-74,2004,Female,2,62920
70-74,2004,Female Non-Maori,2,59360
70-74,2004,Male,8,57270
70-74,2004,Male Non-Maori,8,54270
70-74,2004,Non-Maori,10,113620
70-74,2004,Total,10,120190
70-74,2005,Female,2,62580
70-74,2005,Female Non-Maori,2,58940
70-74,2005,Male,3,57300
70-74,2005,Male Non-Maori,3,54140
70-74,2005,Non-Maori,5,113080
70-74,2005,Total,5,119880
70-74,2006,Female,4,62780
70-74,2006,Female Non-Maori,4,58970
70-74,2006,Male,11,57450
70-74,2006,Male Non-Maori,11,54090
70-74,2006,Non-Maori,15,113070
70-74,2006,Total,15,120230
70-74,2007,Male,8,58290
70-74,2007,Male Non-Maori,8,54790
70-74,2007,Non-Maori,8,114630
70-74,2007,Total,8,122190
70-74,2008,Female,3,65350
70-74,2008,Female Non-Maori,3,61100
70-74,2008,Male,6,60010
70-74,2008,Male Maori,1,3720
70-74,2008,Male Non-Maori,5,56290
70-74,2008,Maori,1,7970
70-74,2008,Non-Maori,8,117390
70-74,2008,Total,9,125360
70-74,2009,Female,2,67640
70-74,2009,Female Non-Maori,2,63150
70-74,2009,Male,10,61900
70-74,2009,Male Maori,1,3900
70-74,2009,Male Non-Maori,9,58000
70-74,2009,Maori,1,8390
70-74,2009,Non-Maori,11,121150
70-74,2009,Total,12,129540
70-74,2010,Female,1,70960
70-74,2010,Female Non-Maori,1,66150
70-74,2010,Male,11,64910
70-74,2010,Male Non-Maori,11,60730
70-74,2010,Non-Maori,12,126880
70-74,2010,Total,12,135870
70-74,2011,Male,5,68800
70-74,2011,Male Non-Maori,5,64390
70-74,2011,Non-Maori,5,134180
70-74,2011,Total,5,143670
70-74,2012,Male,9,72360
70-74,2012,Male Maori,1,4640
70-74,2012,Male Non-Maori,8,67720
70-74,2012,Maori,1,9880
70-74,2012,Non-Maori,8,140850
70-74,2012,Total,9,150730
70-74,2013,Male,13,74290
70-74,2013,Male Non-Maori,13,69490
70-74,2013,Non-Maori,13,144290
70-74,2013,Total,13,154510
75-79,1996,Female,3,49540
75-79,1996,Female Non-Maori,3,48250
75-79,1996,Male,5,34270
75-79,1996,Male Non-Maori,5,33290
75-79,1996,Non-Maori,8,81540
75-79,1996,Total,8,83810
75-79,1997,Female,3,50860
75-79,1997,Female Maori,1,1350
75-79,1997,Female Non-Maori,2,49510
75-79,1997,Male,7,35750
75-79,1997,Male Non-Maori,7,34740
75-79,1997,Maori,1,2360
75-79,1997,Non-Maori,9,84250
75-79,1997,Total,10,86610
75-79,1998,Male,15,37540
75-79,1998,Male Non-Maori,15,36490
75-79,1998,Non-Maori,15,87290
75-79,1998,Total,15,89770
75-79,1999,Female,4,53860
75-79,1999,Female Non-Maori,4,52340
75-79,1999,Male,9,39340
75-79,1999,Male Non-Maori,9,38220
75-79,1999,Non-Maori,13,90560
75-79,1999,Total,13,93200
75-79,2000,Male,5,40630
75-79,2000,Male Non-Maori,5,39430
75-79,2000,Non-Maori,5,92260
75-79,2000,Total,5,95080
75-79,2001,Female,1,54650
75-79,2001,Female Non-Maori,1,52870
75-79,2001,Male,13,41830
75-79,2001,Male Non-Maori,13,40540
75-79,2001,Non-Maori,14,93400
75-79,2001,Total,14,96470
75-79,2002,Female,1,54660
75-79,2002,Female Non-Maori,1,52740
75-79,2002,Male,4,43100
75-79,2002,Male Non-Maori,4,41710
75-79,2002,Non-Maori,5,94450
75-79,2002,Total,5,97760
75-79,2003,Female,3,55030
75-79,2003,Female Non-Maori,3,53020
75-79,2003,Male,14,44530
75-79,2003,Male Non-Maori,14,43030
75-79,2003,Non-Maori,17,96040
75-79,2003,Total,17,99560
75-79,2004,Male,11,45550
75-79,2004,Male Maori,1,1620
75-79,2004,Male Non-Maori,10,43930
75-79,2004,Maori,1,3740
75-79,2004,Non-Maori,10,97120
75-79,2004,Total,11,100860
75-79,2005,Female,4,55570
75-79,2005,Female Non-Maori,4,53310
75-79,2005,Male,8,46530
75-79,2005,Male Maori,1,1740
75-79,2005,Male Non-Maori,7,44790
75-79,2005,Maori,1,4000
75-79,2005,Non-Maori,11,98100
75-79,2005,Total,12,102100
75-79,2006,Female,3,56040
75-79,2006,Female Maori,1,2390
75-79,2006,Female Non-Maori,2,53650
75-79,2006,Male,1,47570
75-79,2006,Male Non-Maori,1,45750
75-79,2006,Maori,1,4210
75-79,2006,Non-Maori,3,99400
75-79,2006,Total,4,103610
75-79,2007,Male,10,47980
75-79,2007,Male Non-Maori,10,46040
75-79,2007,Non-Maori,10,99540
75-79,2007,Total,10,104010
75-79,2008,Male,2,47890
75-79,2008,Male Non-Maori,2,45860
75-79,2008,Non-Maori,2,99200
75-79,2008,Total,2,103960
75-79,2009,Female,1,55910
75-79,2009,Female Non-Maori,1,53050
75-79,2009,Male,7,47980
75-79,2009,Male Non-Maori,7,45830
75-79,2009,Non-Maori,8,98880
75-79,2009,Total,8,103890
75-79,2010,Female,1,55650
75-79,2010,Female Non-Maori,1,52720
75-79,2010,Male,7,48380
75-79,2010,Male Non-Maori,7,46060
75-79,2010,Non-Maori,8,98790
75-79,2010,Total,8,104030
75-79,2011,Female,1,55810
75-79,2011,Female Non-Maori,1,52730
75-79,2011,Male,5,48610
75-79,2011,Male Non-Maori,5,46150
75-79,2011,Non-Maori,6,98890
75-79,2011,Total,6,104420
75-79,2012,Female,3,56930
75-79,2012,Female Non-Maori,3,53640
75-79,2012,Male,12,49420
75-79,2012,Male Non-Maori,12,46860
75-79,2012,Non-Maori,15,100490
75-79,2012,Total,15,106340
75-79,2013,Female,2,58450
75-79,2013,Female Non-Maori,2,55010
75-79,2013,Male,6,51060
75-79,2013,Male Non-Maori,6,48360
75-79,2013,Non-Maori,8,103370
75-79,2013,Total,8,109520
80+,1996,Female,2,63200
80+,1996,Female Non-Maori,2,62080
80+,1996,Male,14,32200
80+,1996,Male Non-Maori,14,31550
80+,1996,Non-Maori,16,93630
80+,1996,Total,16,95400
80+,1997,Female,2,65300
80+,1997,Female Non-Maori,2,64110
80+,1997,Male,12,33200
80+,1997,Male Non-Maori,12,32530
80+,1997,Non-Maori,14,96640
80+,1997,Total,14,98500
80+,1998,Female,6,67100
80+,1998,Female Non-Maori,6,65850
80+,1998,Male,7,34000
80+,1998,Male Non-Maori,7,33280
80+,1998,Non-Maori,13,99130
80+,1998,Total,13,101100
80+,1999,Female,3,68500
80+,1999,Female Non-Maori,3,67200
80+,1999,Male,8,34800
80+,1999,Male Non-Maori,8,34040
80+,1999,Non-Maori,11,101250
80+,1999,Total,11,103300
80+,2000,Female,1,71100
80+,2000,Female Non-Maori,1,69750
80+,2000,Male,7,36400
80+,2000,Male Non-Maori,7,35590
80+,2000,Non-Maori,8,105350
80+,2000,Total,8,107500
80+,2001,Female,5,73900
80+,2001,Female Non-Maori,5,72470
80+,2001,Male,9,38200
80+,2001,Male Non-Maori,9,37360
80+,2001,Non-Maori,14,109840
80+,2001,Total,14,112100
80+,2002,Female,3,76100
80+,2002,Female Non-Maori,3,74600
80+,2002,Male,9,39900
80+,2002,Male Non-Maori,9,39020
80+,2002,Non-Maori,12,113630
80+,2002,Total,12,116000
80+,2003,Female,7,77900
80+,2003,Female Non-Maori,7,76320
80+,2003,Male,11,41700
80+,2003,Male Non-Maori,11,40800
80+,2003,Non-Maori,18,117110
80+,2003,Total,18,119600
80+,2004,Female,1,79800
80+,2004,Female Non-Maori,1,78120
80+,2004,Male,16,43600
80+,2004,Male Non-Maori,16,42650
80+,2004,Non-Maori,17,120760
80+,2004,Total,17,123400
80+,2005,Female,3,81900
80+,2005,Female Non-Maori,3,80130
80+,2005,Male,8,45800
80+,2005,Male Non-Maori,8,44770
80+,2005,Non-Maori,11,124900
80+,2005,Total,11,127700
80+,2006,Female,5,83800
80+,2006,Female Non-Maori,5,81890
80+,2006,Male,13,48200
80+,2006,Male Non-Maori,13,47090
80+,2006,Non-Maori,18,128980
80+,2006,Total,18,132000
80+,2007,Female,7,85500
80+,2007,Female Non-Maori,7,83470
80+,2007,Male,10,50600
80+,2007,Male Non-Maori,10,49410
80+,2007,Non-Maori,17,132870
80+,2007,Total,17,136100
80+,2008,Female,2,87100
80+,2008,Female Non-Maori,2,84910
80+,2008,Male,13,52900
80+,2008,Male Non-Maori,13,51600
80+,2008,Non-Maori,15,136610
80+,2008,Total,15,140100
80+,2009,Female,3,88700
80+,2009,Female Non-Maori,3,86350
80+,2009,Male,16,55200
80+,2009,Male Non-Maori,16,53770
80+,2009,Non-Maori,19,140110
80+,2009,Total,19,143900
80+,2010,Female,5,90500
80+,2010,Female Non-Maori,5,87960
80+,2010,Male,14,57400
80+,2010,Male Non-Maori,14,55820
80+,2010,Non-Maori,19,143790
80+,2010,Total,19,147900
80+,2011,Female,4,92000
80+,2011,Female Non-Maori,4,89270
80+,2011,Male,10,59700
80+,2011,Male Non-Maori,10,57980
80+,2011,Non-Maori,14,147240
80+,2011,Total,14,151700
80+,2012,Female,5,92700
80+,2012,Female Non-Maori,5,89780
80+,2012,Male,10,61500
80+,2012,Male Non-Maori,10,59650
80+,2012,Non-Maori,15,149530
80+,2012,Total,15,154300
80+,2013,Female,1,93900
80+,2013,Female Non-Maori,1,90760
80+,2013,Male,15,63000
80+,2013,Male Non-Maori,15,61050
80+,2013,Non-Maori,16,151810
80+,2013,Total,16,156900
Total,1996,Female,110,1892070
Total,1996,Female Maori,24,268400
Total,1996,Female Non-Maori,86,1623670
Total,1996,Male,430,1841770
Total,1996,Male Maori,72,260600
Total,1996,Male Non-Maori,358,1581170
Total,1996,Maori,96,529000
Total,1996,Non-Maori,444,3204820
Total,1996,Total,540,3733820
Total,1997,Female,123,1918330
Total,1997,Female Maori,26,274200
Total,1997,Female Non-Maori,97,1644130
Total,1997,Male,441,1864210
Total,1997,Male Maori,79,266300
Total,1997,Male Non-Maori,362,1597910
Total,1997,Maori,105,540500
Total,1997,Non-Maori,459,3242070
Total,1997,Total,564,3782570
Total,1998,Female,136,1937730
Total,1998,Female Maori,27,280000
Total,1998,Female Non-Maori,109,1657730
Total,1998,Male,453,1878090
Total,1998,Male Maori,90,272000
Total,1998,Male Non-Maori,363,1606090
Total,1998,Maori,117,552000
Total,1998,Non-Maori,472,3263820
Total,1998,Total,589,3815820
Total,1999,Female,128,1951360
Total,1999,Female Maori,18,285500
Total,1999,Female Non-Maori,110,1665860
Total,1999,Male,381,1885980
Total,1999,Male Maori,59,277400
Total,1999,Male Non-Maori,322,1608580
Total,1999,Maori,77,562900
Total,1999,Non-Maori,432,3274420
Total,1999,Total,509,3837320
Total,2000,Female,71,1965130
Total,2000,Female Maori,11,291000
Total,2000,Female Non-Maori,60,1674130
Total,2000,Male,356,1895040
Total,2000,Male Maori,66,283000
Total,2000,Male Non-Maori,290,1612040
Total,2000,Maori,77,574000
Total,2000,Non-Maori,350,3286180
Total,2000,Total,427,3860180
Total,2001,Female,95,1980300
Total,2001,Female Maori,19,296800
Total,2001,Female Non-Maori,76,1683500
Total,2001,Male,376,1906340
Total,2001,Male Maori,59,288900
Total,2001,Male Non-Maori,317,1617440
Total,2001,Maori,78,585700
Total,2001,Non-Maori,393,3300930
Total,2001,Total,471,3886630
Total,2002,Female,99,2013420
Total,2002,Female Maori,15,301700
Total,2002,Female Non-Maori,84,1711720
Total,2002,Male,341,1937730
Total,2002,Male Maori,61,293200
Total,2002,Male Non-Maori,280,1644530
Total,2002,Maori,76,594900
Total,2002,Non-Maori,364,3356240
Total,2002,Total,440,3951140
Total,2003,Female,116,2052040
Total,2003,Female Maori,21,306200
Total,2003,Female Non-Maori,95,1745840
Total,2003,Male,352,1975620
Total,2003,Male Maori,64,296800
Total,2003,Male Non-Maori,288,1678820
Total,2003,Maori,85,603000
Total,2003,Non-Maori,383,3424690
Total,2003,Total,468,4027690
Total,2004,Female,95,2084310
Total,2004,Female Maori,28,310500
Total,2004,Female Non-Maori,67,1773810
Total,2004,Male,369,2004390
Total,2004,Male Maori,80,300200
Total,2004,Male Non-Maori,289,1704190
Total,2004,Maori,108,610600
Total,2004,Non-Maori,356,3478120
Total,2004,Total,464,4088720
Total,2005,Female,109,2109860
Total,2005,Female Maori,23,314500
Total,2005,Female Non-Maori,86,1795360
Total,2005,Male,363,2026180
Total,2005,Male Maori,78,303100
Total,2005,Male Non-Maori,285,1723080
Total,2005,Maori,101,617600
Total,2005,Non-Maori,371,3518460
Total,2005,Total,472,4136060
Total,2006,Female,113,2136540
Total,2006,Female Maori,30,318700
Total,2006,Female Non-Maori,83,1817840
Total,2006,Male,380,2048720
Total,2006,Male Maori,78,306000
Total,2006,Male Non-Maori,302,1742720
Total,2006,Maori,108,624700
Total,2006,Non-Maori,385,3560560
Total,2006,Total,493,4185260
Total,2007,Female,99,2158530
Total,2007,Female Maori,21,324000
Total,2007,Female Non-Maori,78,1834530
Total,2007,Male,361,2067660
Total,2007,Male Maori,68,310400
Total,2007,Male Non-Maori,293,1757260
Total,2007,Maori,89,634400
Total,2007,Non-Maori,371,3591810
Total,2007,Total,460,4226210
Total,2008,Female,108,2177430
Total,2008,Female Maori,27,329600
Total,2008,Female Non-Maori,81,1847830
Total,2008,Male,360,2084480
Total,2008,Male Maori,55,315300
Total,2008,Male Non-Maori,305,1769180
Total,2008,Maori,82,644800
Total,2008,Non-Maori,386,3617220
Total,2008,Total,468,4262020
Total,2009,Female,94,2199160
Total,2009,Female Maori,23,335000
Total,2009,Female Non-Maori,71,1864160
Total,2009,Male,371,2105730
Total,2009,Male Maori,57,320100
Total,2009,Male Non-Maori,314,1785630
Total,2009,Maori,80,655100
Total,2009,Non-Maori,385,3649810
Total,2009,Total,465,4304910
Total,2010,Female,116,2224040
Total,2010,Female Maori,26,340800
Total,2010,Female Non-Maori,90,1883240
Total,2010,Male,366,2128990
Total,2010,Male Maori,68,325000
Total,2010,Male Non-Maori,298,1803990
Total,2010,Maori,94,665900
Total,2010,Non-Maori,388,3687130
Total,2010,Total,482,4353030
Total,2011,Female,93,2241480
Total,2011,Female Maori,30,345900
Total,2011,Female Non-Maori,63,1895580
Total,2011,Male,359,2144880
Total,2011,Male Maori,85,329400
Total,2011,Male Non-Maori,274,1815480
Total,2011,Maori,115,675400
Total,2011,Non-Maori,337,3710930
Total,2011,Total,452,4386330
Total,2012,Female,112,2254250
Total,2012,Female Maori,37,350800
Total,2012,Female Non-Maori,75,1903450
Total,2012,Male,371,2156370
Total,2012,Male Maori,75,333300
Total,2012,Male Non-Maori,296,1823070
Total,2012,Maori,112,684100
Total,2012,Non-Maori,371,3726630
Total,2012,Total,483,4410730
Total,2013,Female,113,2272010
Total,2013,Female Maori,33,355400
Total,2013,Female Non-Maori,80,1916610
Total,2013,Male,338,2174690
Total,2013,Male Maori,63,337200
Total,2013,Male Non-Maori,275,1837490
Total,2013,Maori,96,692500
Total,2013,Non-Maori,355,3754200
Total,2013,Total,451,4446700
